id,date,day_of_week,sedentary_minutes,lightly_active_minutes,fairly_active_minutes,very_active_minutes,sedentary_active_distance,light_active_distance,moderately_active_distance,very_active_distance
1503960366,4/12/2016,Tue,728,328,13,25,0.00,6.06,0.55,1.88
1503960366,4/13/2016,Wed,776,217,19,21,0.00,4.71,0.69,1.57
1503960366,4/14/2016,Thu,1218,181,11,30,0.00,3.91,0.40,2.44
1503960366,4/15/2016,Fri,726,209,34,29,0.00,2.83,1.26,2.14
1503960366,4/16/2016,Sat,773,221,10,36,0.00,5.04,0.41,2.71
1503960366,4/17/2016,Sun,539,164,20,38,0.00,2.51,0.78,3.19
1503960366,4/18/2016,Mon,1149,233,16,42,0.00,4.71,0.64,3.25
1503960366,4/19/2016,Tue,775,264,31,50,0.00,5.03,1.32,3.53
1503960366,4/20/2016,Wed,818,205,12,28,0.00,4.24,0.48,1.96
1503960366,4/21/2016,Thu,838,211,8,19,0.00,4.65,0.35,1.34
1503960366,4/22/2016,Fri,1217,130,27,66,0.00,2.24,1.12,4.76
1503960366,4/23/2016,Sat,732,262,21,41,0.00,5.36,0.87,2.81
1503960366,4/24/2016,Sun,709,238,5,39,0.00,3.28,0.21,2.92
1503960366,4/25/2016,Mon,814,216,14,73,0.00,3.94,0.57,5.29
1503960366,4/26/2016,Tue,833,279,23,31,0.00,5.54,0.92,2.33
1503960366,4/27/2016,Wed,1108,243,11,78,0.00,5.41,0.41,6.40
1503960366,4/28/2016,Thu,782,189,28,48,0.00,3.79,1.16,3.54
1503960366,4/29/2016,Fri,815,243,12,16,0.00,5.58,0.50,1.06
1503960366,4/30/2016,Sat,712,217,34,52,0.00,4.27,1.42,3.56
1503960366,5/1/2016,Sun,730,246,35,33,0.00,2.92,1.60,2.29
1503960366,5/2/2016,Mon,798,277,15,41,0.00,5.92,0.57,3.21
1503960366,5/3/2016,Tue,816,254,24,50,0.00,4.88,1.05,3.73
1503960366,5/4/2016,Wed,1179,203,22,36,0.00,3.82,0.87,2.46
1503960366,5/5/2016,Thu,857,250,24,45,0.00,4.88,1.08,2.92
1503960366,5/6/2016,Fri,754,289,6,24,0.00,5.81,0.25,1.97
1503960366,5/7/2016,Sat,833,175,46,37,0.00,3.13,2.12,2.46
1503960366,5/8/2016,Sun,574,203,8,44,0.00,2.73,0.32,3.53
1503960366,5/9/2016,Mon,835,206,11,46,0.00,3.74,0.53,3.45
1503960366,5/10/2016,Tue,746,214,31,46,0.00,3.26,1.16,3.35
1503960366,5/11/2016,Wed,669,251,23,36,0.00,4.55,1.01,2.56
1503960366,5/12/2016,Thu,1440,0,0,0,0.00,0.00,0.00,0.00
1624580081,4/12/2016,Tue,1294,146,0,0,0.00,5.31,0.00,0.00
1624580081,4/13/2016,Wed,1292,148,0,0,0.00,4.55,0.00,0.00
1624580081,4/14/2016,Thu,1204,236,0,0,0.01,5.91,0.00,0.00
1624580081,4/15/2016,Fri,1344,96,0,0,0.00,0.97,0.00,0.00
1624580081,4/16/2016,Sat,1264,176,0,0,0.00,3.49,0.00,0.00
1624580081,4/17/2016,Sun,1276,127,22,15,0.01,1.49,1.52,1.03
1624580081,4/18/2016,Mon,1214,202,7,17,0.01,4.62,0.62,2.15
1624580081,4/19/2016,Tue,1299,141,0,0,0.00,1.90,0.00,0.00
1624580081,4/20/2016,Wed,1289,151,0,0,0.00,3.23,0.00,0.00
1624580081,4/21/2016,Thu,1254,186,0,0,0.02,4.11,0.00,0.00
1624580081,4/22/2016,Fri,1241,199,0,0,0.00,2.60,0.00,0.00
1624580081,4/23/2016,Sat,1213,227,0,0,0.01,5.54,0.00,0.00
1624580081,4/24/2016,Sun,1221,185,18,16,0.00,1.89,0.91,1.15
1624580081,4/25/2016,Mon,1238,202,0,0,0.02,4.20,0.00,0.00
1624580081,4/26/2016,Tue,1300,140,0,0,0.01,1.83,0.00,0.00
1624580081,4/27/2016,Wed,1233,154,36,17,0.00,2.46,1.87,1.11
1624580081,4/28/2016,Thu,1320,115,5,0,0.00,1.60,0.20,0.00
1624580081,4/29/2016,Fri,1290,150,0,0,0.00,1.55,0.00,0.00
1624580081,4/30/2016,Sat,1182,224,23,11,0.01,2.12,1.28,0.90
1624580081,5/1/2016,Sun,1020,171,63,186,0.02,1.91,4.19,21.92
1624580081,5/2/2016,Mon,1261,166,6,7,0.00,3.47,0.59,0.86
1624580081,5/3/2016,Tue,1344,96,0,0,0.02,1.34,0.00,0.00
1624580081,5/4/2016,Wed,1322,118,0,0,0.00,1.42,0.00,0.00
1624580081,5/5/2016,Thu,1323,117,0,0,0.02,1.58,0.00,0.00
1624580081,5/6/2016,Fri,1338,102,0,0,0.01,1.12,0.00,0.00
1624580081,5/7/2016,Sat,1258,182,0,0,0.00,1.37,0.00,0.00
1624580081,5/8/2016,Sun,1288,152,0,0,0.00,2.22,0.00,0.00
1624580081,5/9/2016,Mon,1349,91,0,0,0.00,1.13,0.00,0.00
1624580081,5/10/2016,Tue,1301,139,0,0,0.01,1.92,0.00,0.00
1624580081,5/11/2016,Wed,1328,112,0,0,0.00,2.04,0.00,0.00
1624580081,5/12/2016,Thu,890,107,0,0,0.01,1.92,0.00,0.00
1644430081,4/12/2016,Tue,1131,256,51,2,0.00,5.33,2.30,0.14
1644430081,4/13/2016,Wed,1259,135,16,30,0.00,2.64,0.90,2.28
1644430081,4/14/2016,Thu,1125,252,58,5,0.00,5.10,2.56,0.36
1644430081,4/15/2016,Fri,1263,170,4,3,0.00,3.45,0.15,0.22
1644430081,4/16/2016,Sat,1135,212,42,51,0.00,5.09,1.88,4.10
1644430081,4/17/2016,Sun,1212,186,13,29,0.00,3.55,0.57,2.25
1644430081,4/18/2016,Mon,1271,121,33,15,0.00,2.45,1.67,1.07
1644430081,4/19/2016,Tue,1099,278,58,5,0.00,5.30,2.53,0.36
1644430081,4/20/2016,Wed,1315,125,0,0,0.01,1.76,0.00,0.00
1644430081,4/21/2016,Thu,1402,38,0,0,0.01,0.88,0.00,0.00
1644430081,4/22/2016,Fri,1354,86,0,0,0.01,2.66,0.00,0.00
1644430081,4/23/2016,Sat,1265,160,15,0,0.00,4.25,0.58,0.00
1644430081,4/24/2016,Sun,1351,89,0,0,0.00,2.41,0.00,0.00
1644430081,4/25/2016,Mon,1337,94,1,8,0.00,1.95,0.06,0.59
1644430081,4/26/2016,Tue,1165,223,41,11,0.00,4.69,1.72,0.80
1644430081,4/27/2016,Wed,1322,118,0,0,0.00,2.20,0.00,0.00
1644430081,4/28/2016,Thu,1157,227,53,3,0.00,4.31,2.32,0.20
1644430081,4/29/2016,Fri,1193,120,0,0,0.00,2.31,0.00,0.00
1644430081,4/30/2016,Sat,816,402,71,9,0.00,9.46,3.14,0.63
1644430081,5/1/2016,Sun,908,146,24,3,0.00,3.23,0.99,0.24
1644430081,5/2/2016,Mon,682,148,7,1,0.00,2.35,0.31,0.07
1644430081,5/3/2016,Tue,1115,221,94,10,0.00,4.54,4.09,0.72
1644430081,5/4/2016,Wed,1388,52,0,0,0.02,1.66,0.00,0.00
1644430081,5/5/2016,Thu,1341,81,12,6,0.01,2.13,0.54,0.52
1644430081,5/6/2016,Fri,1054,369,6,11,0.02,6.01,0.27,0.82
1644430081,5/7/2016,Sat,1139,243,17,41,0.01,5.67,0.79,3.26
1644430081,5/8/2016,Sun,991,295,0,0,0.00,4.88,0.00,0.00
1644430081,5/9/2016,Mon,1099,303,6,32,0.01,2.09,0.35,2.39
1644430081,5/10/2016,Tue,1254,155,19,12,0.01,4.97,0.81,0.88
1644430081,5/11/2016,Wed,713,49,0,0,0.01,0.95,0.00,0.00
1844505072,4/12/2016,Tue,1101,339,0,0,0.00,4.43,0.00,0.00
1844505072,4/13/2016,Wed,1192,248,0,0,0.00,3.26,0.00,0.00
1844505072,4/14/2016,Thu,843,373,0,0,0.00,5.23,0.00,0.00
1844505072,4/15/2016,Fri,527,176,0,0,0.00,2.54,0.00,0.00
1844505072,4/16/2016,Sat,1293,147,0,0,0.00,2.26,0.00,0.00
1844505072,4/17/2016,Sun,1231,199,8,2,0.00,2.59,0.26,0.14
1844505072,4/18/2016,Mon,1211,217,12,0,0.00,2.56,0.48,0.00
1844505072,4/19/2016,Tue,1430,10,0,0,0.00,0.13,0.00,0.00
1844505072,4/20/2016,Wed,1439,1,0,0,0.00,0.01,0.00,0.00
1844505072,4/21/2016,Thu,1117,308,13,2,0.00,4.68,0.52,0.12
1844505072,4/22/2016,Fri,1220,220,0,0,0.00,3.55,0.00,0.00
1844505072,4/23/2016,Sat,1301,139,0,0,0.00,2.36,0.00,0.00
1844505072,4/24/2016,Sun,1440,0,0,0,0.00,0.00,0.00,0.00
1844505072,4/25/2016,Mon,1440,0,0,0,0.00,0.00,0.00,0.00
1844505072,4/26/2016,Tue,1440,0,0,0,0.00,0.00,0.00,0.00
1844505072,4/27/2016,Wed,1439,1,0,0,0.00,0.00,0.00,0.00
1844505072,4/28/2016,Thu,1138,302,0,0,0.00,4.56,0.00,0.00
1844505072,4/29/2016,Fri,1082,247,0,0,0.00,3.25,0.00,0.00
1844505072,4/30/2016,Sat,218,184,0,0,0.00,2.65,0.00,0.00
1844505072,5/1/2016,Sun,585,75,7,0,0.00,1.45,0.26,0.00
1844505072,5/2/2016,Mon,1440,0,0,0,0.00,0.00,0.00,0.00
1844505072,5/3/2016,Tue,1256,184,0,0,0.00,2.68,0.00,0.00
1844505072,5/4/2016,Wed,1353,87,0,0,0.00,1.37,0.00,0.00
1844505072,5/5/2016,Thu,1320,120,0,0,0.00,1.48,0.00,0.00
1844505072,5/6/2016,Fri,1438,2,0,0,0.00,0.03,0.00,0.00
1844505072,5/7/2016,Sat,1440,0,0,0,0.00,0.00,0.00,0.00
1844505072,5/8/2016,Sun,1440,0,0,0,0.00,0.00,0.00,0.00
1844505072,5/9/2016,Mon,1440,0,0,0,0.00,0.00,0.00,0.00
1844505072,5/10/2016,Tue,1440,0,0,0,0.00,0.00,0.00,0.00
1844505072,5/11/2016,Wed,1440,0,0,0,0.00,0.00,0.00,0.00
1844505072,5/12/2016,Thu,711,0,0,0,0.00,0.00,0.00,0.00
1927972279,4/12/2016,Tue,734,55,0,0,0.00,0.47,0.00,0.00
1927972279,4/13/2016,Wed,986,32,0,0,0.00,0.25,0.00,0.00
1927972279,4/14/2016,Thu,1292,88,9,0,0.00,1.10,0.40,0.00
1927972279,4/15/2016,Fri,941,51,0,0,0.00,0.68,0.00,0.00
1927972279,4/16/2016,Sat,1440,0,0,0,0.00,0.00,0.00,0.00
1927972279,4/17/2016,Sun,1440,0,0,0,0.00,0.00,0.00,0.00
1927972279,4/18/2016,Mon,1423,17,0,0,0.00,0.17,0.00,0.00
1927972279,4/19/2016,Tue,1440,0,0,0,0.00,0.00,0.00,0.00
1927972279,4/20/2016,Wed,1440,0,0,0,0.00,0.00,0.00,0.00
1927972279,4/21/2016,Thu,1440,0,0,0,0.00,0.00,0.00,0.00
1927972279,4/22/2016,Fri,1430,10,0,0,0.00,0.10,0.00,0.00
1927972279,4/23/2016,Sat,1295,145,0,0,0.00,2.04,0.00,0.00
1927972279,4/24/2016,Sun,1358,75,6,1,0.00,1.14,0.24,0.07
1927972279,4/25/2016,Mon,1303,12,0,0,0.00,0.11,0.00,0.00
1927972279,4/26/2016,Tue,1058,192,0,0,0.00,2.60,0.00,0.00
1927972279,4/27/2016,Wed,1440,0,0,0,0.00,0.00,0.00,0.00
1927972279,4/28/2016,Thu,1167,95,0,0,0.00,1.16,0.00,0.00
1927972279,4/29/2016,Fri,1440,0,0,0,0.00,0.00,0.00,0.00
1927972279,4/30/2016,Sat,1440,0,0,0,0.00,0.00,0.00,0.00
1927972279,5/1/2016,Sun,1355,70,1,14,0.00,0.83,0.03,1.01
1927972279,5/2/2016,Mon,1322,94,8,16,0.00,1.16,0.30,1.16
1927972279,5/3/2016,Tue,1413,17,0,10,0.00,0.18,0.00,0.73
1927972279,5/4/2016,Wed,1353,87,0,0,0.00,1.24,0.00,0.00
1927972279,5/5/2016,Thu,1440,0,0,0,0.00,0.00,0.00,0.00
1927972279,5/6/2016,Fri,1332,108,0,0,0.00,1.45,0.00,0.00
1927972279,5/7/2016,Sat,1392,48,0,0,0.00,1.04,0.00,0.00
1927972279,5/8/2016,Sun,1440,0,0,0,0.00,0.00,0.00,0.00
1927972279,5/9/2016,Mon,1440,0,0,0,0.00,0.00,0.00,0.00
1927972279,5/10/2016,Tue,1440,0,0,0,0.00,0.00,0.00,0.00
1927972279,5/11/2016,Wed,1440,0,0,0,0.00,0.00,0.00,0.00
1927972279,5/12/2016,Thu,966,0,0,0,0.00,0.00,0.00,0.00
2022484408,4/12/2016,Tue,1157,227,14,42,0.00,4.26,0.77,3.31
2022484408,4/13/2016,Wed,1100,292,5,43,0.00,5.41,0.10,2.99
2022484408,4/14/2016,Thu,1148,257,3,32,0.00,4.82,0.21,2.48
2022484408,4/15/2016,Fri,1122,282,9,27,0.00,5.78,0.31,1.94
2022484408,4/16/2016,Sat,1237,151,11,41,0.00,3.39,0.55,3.15
2022484408,4/17/2016,Sun,1052,331,29,28,0.00,6.88,0.66,3.87
2022484408,4/18/2016,Mon,1078,311,3,48,0.00,6.30,0.12,3.64
2022484408,4/19/2016,Tue,1152,250,7,31,0.00,5.00,0.24,3.29
2022484408,4/20/2016,Wed,1053,276,63,48,0.00,5.40,1.93,3.34
2022484408,4/21/2016,Thu,1028,255,53,104,0.00,4.31,1.11,3.33
2022484408,4/22/2016,Fri,1105,273,10,52,0.00,4.47,0.42,4.43
2022484408,4/23/2016,Sat,1191,249,0,0,0.00,4.21,0.00,0.00
2022484408,4/24/2016,Sun,1161,216,26,37,0.00,4.58,1.15,4.55
2022484408,4/25/2016,Mon,1171,217,8,44,0.00,4.46,0.22,3.33
2022484408,4/26/2016,Tue,1086,275,24,55,0.00,5.11,0.66,1.43
2022484408,4/27/2016,Wed,1119,282,20,19,0.00,5.12,0.97,1.04
2022484408,4/28/2016,Thu,1123,291,20,6,0.00,5.39,1.33,0.41
2022484408,4/29/2016,Fri,1098,281,40,21,0.00,5.50,1.21,0.48
2022484408,4/30/2016,Sat,1043,361,23,13,0.00,10.57,1.40,0.94
2022484408,5/1/2016,Sun,1142,245,28,25,0.00,4.50,0.96,1.94
2022484408,5/2/2016,Mon,1119,277,8,36,0.00,4.33,0.34,2.61
2022484408,5/3/2016,Tue,1104,250,14,72,0.00,4.28,0.46,3.99
2022484408,5/4/2016,Wed,1105,272,27,36,0.00,4.85,0.93,2.51
2022484408,5/5/2016,Thu,1112,253,20,55,0.00,4.70,0.86,2.79
2022484408,5/6/2016,Fri,1104,295,17,24,0.00,4.64,0.67,1.87
2022484408,5/7/2016,Sat,1269,149,2,20,0.00,3.02,0.08,1.61
2022484408,5/8/2016,Sun,1305,135,0,0,0.00,2.31,0.00,0.00
2022484408,5/9/2016,Mon,1061,297,47,35,0.00,5.64,1.63,2.12
2022484408,5/10/2016,Tue,1084,271,28,57,0.00,5.56,1.21,2.22
2022484408,5/11/2016,Wed,1133,224,25,58,0.00,3.99,1.15,4.18
2022484408,5/12/2016,Thu,728,236,16,16,0.00,4.44,0.67,1.28
2026352035,4/12/2016,Tue,706,181,8,3,0.00,2.20,0.35,0.19
2026352035,4/13/2016,Wed,663,238,0,0,0.00,3.10,0.00,0.00
2026352035,4/14/2016,Thu,653,197,0,0,0.00,2.05,0.00,0.00
2026352035,4/15/2016,Fri,687,188,0,0,0.00,2.37,0.00,0.00
2026352035,4/16/2016,Sat,728,150,0,0,0.00,1.58,0.00,0.00
2026352035,4/17/2016,Sun,1053,60,0,0,0.00,0.52,0.00,0.00
2026352035,4/18/2016,Mon,1062,182,0,0,0.00,2.06,0.00,0.00
2026352035,4/19/2016,Tue,785,141,0,0,0.00,1.50,0.00,0.00
2026352035,4/20/2016,Wed,623,327,0,0,0.00,4.48,0.00,0.00
2026352035,4/21/2016,Thu,749,153,0,0,0.00,1.53,0.00,0.00
2026352035,4/22/2016,Fri,712,162,0,0,0.00,1.81,0.00,0.00
2026352035,4/23/2016,Sat,458,432,0,0,0.00,7.71,0.00,0.00
2026352035,4/24/2016,Sun,704,164,0,0,0.00,2.16,0.00,0.00
2026352035,4/25/2016,Mon,821,260,0,0,0.00,3.73,0.00,0.00
2026352035,4/26/2016,Tue,1018,288,0,0,0.00,3.68,0.00,0.00
2026352035,4/27/2016,Wed,586,286,0,0,0.00,3.77,0.00,0.00
2026352035,4/28/2016,Thu,626,331,0,0,0.00,3.95,0.00,0.00
2026352035,4/29/2016,Fri,492,352,0,0,0.00,4.71,0.00,0.00
2026352035,4/30/2016,Sat,594,233,0,0,0.00,2.93,0.00,0.00
2026352035,5/1/2016,Sun,716,191,0,0,0.00,2.28,0.00,0.00
2026352035,5/2/2016,Mon,716,355,0,0,0.00,4.35,0.00,0.00
2026352035,5/3/2016,Tue,981,304,0,0,0.00,3.72,0.00,0.00
2026352035,5/4/2016,Wed,530,345,0,0,0.00,4.07,0.00,0.00
2026352035,5/5/2016,Thu,479,475,0,0,0.00,7.54,0.00,0.00
2026352035,5/6/2016,Fri,511,383,0,0,0.00,5.08,0.00,0.00
2026352035,5/7/2016,Sat,665,229,0,0,0.00,2.60,0.00,0.00
2026352035,5/8/2016,Sun,610,258,0,0,0.00,3.45,0.00,0.00
2026352035,5/9/2016,Mon,543,401,0,0,0.00,6.60,0.00,0.00
2026352035,5/10/2016,Tue,1002,17,0,0,0.00,0.16,0.00,0.00
2026352035,5/11/2016,Wed,569,330,0,0,0.00,5.32,0.00,0.00
2026352035,5/12/2016,Thu,330,343,0,0,0.00,5.51,0.00,0.00
2320127002,4/12/2016,Tue,1112,306,9,13,0.00,6.01,0.31,1.17
2320127002,4/13/2016,Wed,1105,335,0,0,0.00,4.90,0.00,0.00
2320127002,4/14/2016,Thu,1249,191,0,0,0.00,2.68,0.00,0.00
2320127002,4/15/2016,Fri,1195,245,0,0,0.00,3.51,0.00,0.00
2320127002,4/16/2016,Sat,1245,195,0,0,0.00,3.40,0.00,0.00
2320127002,4/17/2016,Sun,1191,249,0,0,0.00,4.18,0.00,0.00
2320127002,4/18/2016,Mon,1173,260,7,0,0.00,4.14,0.26,0.00
2320127002,4/19/2016,Tue,1201,228,11,0,0.00,3.66,0.38,0.00
2320127002,4/20/2016,Wed,1146,283,11,0,0.00,4.34,0.49,0.00
2320127002,4/21/2016,Thu,1302,127,10,1,0.00,1.81,0.42,0.06
2320127002,4/22/2016,Fri,1174,266,0,0,0.00,3.76,0.00,0.00
2320127002,4/23/2016,Sat,1129,242,0,0,0.00,3.42,0.00,0.00
2320127002,4/24/2016,Sun,1236,204,0,0,0.00,2.80,0.00,0.00
2320127002,4/25/2016,Mon,1280,152,5,3,0.00,1.99,0.20,0.23
2320127002,4/26/2016,Tue,1293,147,0,0,0.00,2.30,0.00,0.00
2320127002,4/27/2016,Wed,1358,82,0,0,0.00,1.16,0.00,0.00
2320127002,4/28/2016,Thu,1364,76,0,0,0.00,1.03,0.00,0.00
2320127002,4/29/2016,Fri,1395,45,0,0,0.00,0.62,0.00,0.00
2320127002,4/30/2016,Sat,1206,234,0,0,0.00,3.07,0.00,0.00
2320127002,5/1/2016,Sun,1400,40,0,0,0.00,0.52,0.00,0.00
2320127002,5/2/2016,Mon,1306,123,6,5,0.00,1.88,0.21,0.36
2320127002,5/3/2016,Tue,1204,206,10,20,0.00,3.16,0.37,1.49
2320127002,5/4/2016,Wed,1388,52,0,0,0.00,0.81,0.00,0.00
2320127002,5/5/2016,Thu,1206,223,11,0,0.00,3.11,0.39,0.00
2320127002,5/6/2016,Fri,1236,204,0,0,0.00,3.29,0.00,0.00
2320127002,5/7/2016,Sat,1121,319,0,0,0.00,4.97,0.00,0.00
2320127002,5/8/2016,Sun,1193,247,0,0,0.00,3.47,0.00,0.00
2320127002,5/9/2016,Mon,1295,145,0,0,0.00,2.08,0.00,0.00
2320127002,5/10/2016,Tue,1150,290,0,0,0.00,4.20,0.00,0.00
2320127002,5/11/2016,Wed,1140,300,0,0,0.00,4.33,0.00,0.00
2320127002,5/12/2016,Thu,830,128,0,0,0.00,1.79,0.00,0.00
2347167796,4/12/2016,Tue,964,320,13,28,0.00,4.20,0.62,2.00
2347167796,4/13/2016,Wed,676,195,32,19,0.00,3.41,1.94,1.66
2347167796,4/14/2016,Thu,705,206,48,1,0.00,3.94,2.74,0.02
2347167796,4/15/2016,Fri,720,284,24,1,0.00,5.43,1.42,0.07
2347167796,4/16/2016,Sat,968,268,72,66,0.00,5.53,4.10,5.45
2347167796,4/17/2016,Sun,508,249,7,1,0.00,3.26,0.28,0.08
2347167796,4/18/2016,Mon,678,206,16,11,0.00,3.79,0.86,0.79
2347167796,4/19/2016,Tue,648,382,7,0,0.00,4.44,0.00,0.00
2347167796,4/20/2016,Wed,1011,269,43,11,0.00,4.78,1.81,0.68
2347167796,4/21/2016,Thu,761,208,26,23,0.00,3.38,1.53,1.85
2347167796,4/22/2016,Fri,781,206,27,9,0.00,2.92,1.68,0.56
2347167796,4/23/2016,Sat,591,360,35,32,0.00,7.15,1.45,2.78
2347167796,4/24/2016,Sun,584,360,0,0,0.00,6.26,0.00,0.00
2347167796,4/25/2016,Mon,653,277,11,15,0.00,4.60,0.52,1.27
2347167796,4/26/2016,Tue,732,227,0,0,0.00,3.95,0.00,0.00
2347167796,4/27/2016,Wed,623,295,9,26,0.00,5.32,0.40,1.86
2347167796,4/28/2016,Thu,764,229,0,0,0.00,3.60,0.00,0.00
2347167796,4/29/2016,Fri,2,4,0,0,0.00,0.03,0.00,0.00
2873212765,4/12/2016,Tue,1061,356,21,2,0.00,4.88,0.93,0.11
2873212765,4/13/2016,Wed,1028,404,8,0,0.02,4.88,0.22,0.00
2873212765,4/14/2016,Thu,1109,331,0,0,0.00,5.32,0.00,0.00
2873212765,4/15/2016,Fri,992,448,0,0,0.01,5.69,0.00,0.00
2873212765,4/16/2016,Sat,1087,305,1,47,0.01,3.51,0.02,3.11
2873212765,4/17/2016,Sun,1272,160,8,0,0.00,1.34,0.35,0.00
2873212765,4/18/2016,Mon,1122,311,6,1,0.00,4.89,0.28,0.07
2873212765,4/19/2016,Tue,1051,389,0,0,0.00,5.36,0.00,0.00
2873212765,4/20/2016,Wed,1035,378,5,22,0.01,4.66,0.12,1.51
2873212765,4/21/2016,Thu,1057,371,10,2,0.01,5.47,0.37,0.13
2873212765,4/22/2016,Fri,1028,366,0,46,0.02,4.42,0.00,0.46
2873212765,4/23/2016,Sat,1077,330,5,28,0.01,4.02,0.23,2.09
2873212765,4/24/2016,Sun,1203,190,1,46,0.00,1.62,0.06,3.00
2873212765,4/25/2016,Mon,1081,359,0,0,0.00,4.95,0.00,0.00
2873212765,4/26/2016,Tue,1124,309,5,2,0.00,5.24,0.18,0.12
2873212765,4/27/2016,Wed,1197,197,0,46,0.00,2.36,0.00,0.00
2873212765,4/28/2016,Thu,1192,213,7,28,0.00,2.91,0.34,2.16
2873212765,4/29/2016,Fri,1191,206,23,20,0.00,2.18,1.41,1.36
2873212765,4/30/2016,Sat,1167,248,20,5,0.01,4.26,1.08,0.33
2873212765,5/1/2016,Sun,1219,196,18,7,0.00,3.44,1.04,0.49
2873212765,5/2/2016,Mon,1099,334,7,0,0.02,4.83,0.21,0.00
2873212765,5/3/2016,Tue,1070,363,6,1,0.01,4.66,0.25,0.06
2873212765,5/4/2016,Wed,1020,420,0,0,0.00,5.56,0.00,0.00
2873212765,5/5/2016,Thu,1093,311,23,13,0.00,4.03,0.80,0.78
2873212765,5/6/2016,Fri,1065,370,5,0,0.01,4.61,0.12,0.00
2873212765,5/7/2016,Sat,1302,52,11,75,0.00,0.55,0.55,2.28
2873212765,5/8/2016,Sun,1068,326,0,46,0.00,2.64,0.00,2.90
2873212765,5/9/2016,Mon,1095,345,0,0,0.00,5.19,0.00,0.00
2873212765,5/10/2016,Tue,1067,373,0,0,0.01,5.55,0.00,0.00
2873212765,5/11/2016,Wed,1121,319,0,0,0.01,4.32,0.00,0.00
2873212765,5/12/2016,Thu,720,268,0,0,0.00,5.11,0.00,0.00
3372868164,4/12/2016,Tue,1160,280,0,0,0.01,3.23,0.00,0.00
3372868164,4/13/2016,Wed,1045,371,8,16,0.02,5.27,0.34,0.99
3372868164,4/14/2016,Thu,1039,370,25,6,0.01,4.65,1.03,0.34
3372868164,4/15/2016,Fri,1105,335,0,0,0.02,5.06,0.00,0.00
3372868164,4/16/2016,Sat,1084,356,0,0,0.03,4.70,0.00,0.00
3372868164,4/17/2016,Sun,1105,322,2,11,0.01,4.36,0.10,1.41
3372868164,4/18/2016,Mon,1070,343,7,20,0.00,3.35,0.20,1.08
3372868164,4/19/2016,Tue,1064,376,0,0,0.02,5.24,0.00,0.00
3372868164,4/20/2016,Wed,1148,274,3,15,0.02,2.38,0.09,0.84
3372868164,4/21/2016,Thu,1037,376,9,18,0.01,4.64,0.26,1.15
3372868164,4/22/2016,Fri,1234,206,0,0,0.01,2.61,0.00,0.00
3372868164,4/23/2016,Sat,1115,303,2,20,0.00,3.58,0.08,1.40
3372868164,4/24/2016,Sun,1127,292,7,14,0.02,3.49,0.19,0.89
3372868164,4/25/2016,Mon,1024,416,0,0,0.00,4.09,0.00,0.00
3372868164,4/26/2016,Tue,1083,333,2,22,0.01,3.87,0.05,1.85
3372868164,4/27/2016,Wed,1057,346,13,24,0.01,3.19,0.63,1.58
3372868164,4/28/2016,Thu,1055,385,0,0,0.00,3.76,0.00,0.00
3372868164,4/29/2016,Fri,1038,402,0,0,0.01,6.22,0.00,0.00
3372868164,4/30/2016,Sat,1119,300,4,17,0.01,2.42,0.09,1.06
3372868164,5/1/2016,Sun,842,172,0,0,0.00,2.09,0.00,0.00
3977333714,4/12/2016,Tue,777,131,19,44,0.00,2.01,0.91,3.06
3977333714,4/13/2016,Wed,754,153,46,31,0.00,2.55,2.13,2.03
3977333714,4/14/2016,Thu,801,214,23,5,0.00,3.82,0.97,0.32
3977333714,4/15/2016,Fri,644,183,42,15,0.00,3.26,1.75,1.05
3977333714,4/16/2016,Sat,663,153,83,31,0.00,2.97,4.00,2.03
3977333714,4/17/2016,Sun,600,205,58,11,0.00,3.92,2.35,0.70
3977333714,4/18/2016,Mon,605,214,95,4,0.00,3.82,3.73,0.25
3977333714,4/19/2016,Tue,738,221,67,19,0.00,3.96,2.45,2.24
3977333714,4/20/2016,Wed,845,164,98,2,0.00,3.28,4.35,0.20
3977333714,4/21/2016,Thu,712,242,0,0,0.00,4.06,0.00,0.00
3977333714,4/22/2016,Fri,731,188,12,33,0.00,3.06,0.58,2.33
3977333714,4/23/2016,Sat,724,252,92,0,0.00,3.85,4.22,0.00
3977333714,4/24/2016,Sun,660,129,95,30,0.00,2.17,4.56,3.27
3977333714,4/25/2016,Mon,781,133,9,50,0.00,2.41,0.43,5.62
3977333714,4/26/2016,Tue,797,170,95,7,0.00,2.95,4.22,0.45
3977333714,4/27/2016,Wed,714,176,10,0,0.00,4.62,0.42,0.00
3977333714,4/28/2016,Thu,804,190,8,15,0.00,3.22,0.29,1.37
3977333714,4/29/2016,Fri,744,150,32,36,0.00,2.71,1.30,3.74
3977333714,4/30/2016,Sat,687,194,52,43,0.00,3.41,2.10,3.69
3977333714,5/1/2016,Sun,691,124,40,41,0.00,2.41,1.98,2.67
3977333714,5/2/2016,Mon,713,176,143,24,0.00,3.02,6.48,1.54
3977333714,5/3/2016,Tue,594,258,41,47,0.00,4.53,1.74,3.32
3977333714,5/4/2016,Wed,852,142,96,14,0.00,2.89,4.58,1.81
3977333714,5/5/2016,Thu,680,178,88,14,0.00,2.71,4.11,1.76
3977333714,5/6/2016,Fri,676,168,55,29,0.00,2.67,2.51,3.11
3977333714,5/7/2016,Sat,703,208,86,0,0.00,3.59,4.13,0.00
3977333714,5/8/2016,Sun,688,171,116,9,0.00,3.17,5.24,0.68
3977333714,5/9/2016,Mon,1159,151,122,8,0.00,3.55,5.60,0.77
3977333714,5/10/2016,Tue,676,196,115,1,0.00,3.31,5.40,0.07
3977333714,5/11/2016,Wed,13,9,0,4,0.00,0.13,0.00,0.37
4020332650,4/12/2016,Tue,712,331,15,4,0.00,5.68,0.24,0.15
4020332650,4/13/2016,Wed,1440,0,0,0,0.00,0.00,0.00,0.00
4020332650,4/14/2016,Thu,1437,3,0,0,0.00,0.03,0.00,0.00
4020332650,4/15/2016,Fri,1299,87,18,36,0.00,0.77,0.36,0.21
4020332650,4/16/2016,Sat,1222,55,21,65,0.00,0.59,0.37,0.45
4020332650,4/17/2016,Sun,1438,2,0,0,0.00,0.01,0.00,0.00
4020332650,4/18/2016,Mon,1438,2,0,0,0.00,0.04,0.00,0.00
4020332650,4/19/2016,Tue,1440,0,0,0,0.00,0.00,0.00,0.00
4020332650,4/20/2016,Wed,1440,0,0,0,0.00,0.00,0.00,0.00
4020332650,4/21/2016,Thu,1440,0,0,0,0.00,0.00,0.00,0.00
4020332650,4/22/2016,Fri,1440,0,0,0,0.00,0.00,0.00,0.00
4020332650,4/23/2016,Sat,1440,0,0,0,0.00,0.00,0.00,0.00
4020332650,4/24/2016,Sun,1440,0,0,0,0.00,0.00,0.00,0.00
4020332650,4/25/2016,Mon,1440,0,0,0,0.00,0.00,0.00,0.00
4020332650,4/26/2016,Tue,1440,0,0,0,0.00,0.00,0.00,0.00
4020332650,4/27/2016,Wed,1440,0,0,0,0.00,0.00,0.00,0.00
4020332650,4/28/2016,Thu,1440,0,0,0,0.00,0.00,0.00,0.00
4020332650,4/29/2016,Fri,1440,0,0,0,0.00,0.00,0.00,0.00
4020332650,4/30/2016,Sat,1440,0,0,0,0.00,0.00,0.00,0.00
4020332650,5/1/2016,Sun,1440,0,0,0,0.00,0.00,0.00,0.00
4020332650,5/2/2016,Mon,1350,31,11,0,0.00,0.29,0.04,0.00
4020332650,5/3/2016,Tue,950,174,0,0,0.05,3.15,0.00,0.00
4020332650,5/4/2016,Wed,531,346,46,13,0.00,5.58,1.04,0.67
4020332650,5/5/2016,Thu,916,196,42,38,0.07,4.04,1.68,2.62
4020332650,5/6/2016,Fri,855,177,0,0,0.01,3.10,0.00,0.00
4020332650,5/7/2016,Sat,1256,184,0,0,0.00,3.58,0.00,0.00
4020332650,5/8/2016,Sun,775,263,0,0,0.00,4.15,0.00,0.00
4020332650,5/9/2016,Mon,1225,173,5,3,0.00,2.94,0.12,0.20
4020332650,5/10/2016,Tue,774,206,0,0,0.04,3.87,0.00,0.00
4020332650,5/11/2016,Wed,1296,134,8,2,0.00,2.33,0.17,0.11
4020332650,5/12/2016,Thu,721,21,0,0,0.00,0.41,0.00,0.00
4057192912,4/12/2016,Tue,1276,164,0,0,0.00,3.94,0.00,0.00
4057192912,4/13/2016,Wed,1280,160,0,0,0.00,4.37,0.00,0.00
4057192912,4/14/2016,Thu,1440,0,0,0,0.00,0.00,0.00,0.00
4057192912,4/15/2016,Fri,873,88,6,3,0.00,2.44,0.26,0.21
4319703577,4/12/2016,Tue,1440,0,0,0,0.00,0.00,0.00,0.00
4319703577,4/13/2016,Wed,1234,96,15,8,0.00,1.31,0.59,0.53
4319703577,4/14/2016,Thu,589,339,9,1,0.00,6.44,0.33,0.11
4319703577,4/15/2016,Fri,752,228,0,0,0.00,3.80,0.00,0.00
4319703577,4/16/2016,Sat,724,194,0,0,0.00,3.18,0.00,0.00
4319703577,4/17/2016,Sun,1363,3,0,0,0.00,0.02,0.00,0.00
4319703577,4/18/2016,Mon,824,58,9,1,0.00,1.12,0.33,0.07
4319703577,4/19/2016,Tue,604,311,0,0,0.00,5.99,0.00,0.00
4319703577,4/20/2016,Wed,671,306,18,0,0.00,5.31,0.68,0.00
4319703577,4/21/2016,Thu,1265,34,0,0,0.00,0.35,0.00,0.00
4319703577,4/22/2016,Fri,709,176,19,1,0.00,2.15,0.81,0.06
4319703577,4/23/2016,Sat,546,233,0,0,0.00,3.31,0.00,0.00
4319703577,4/24/2016,Sun,692,191,5,1,0.00,2.47,0.20,0.06
4319703577,4/25/2016,Mon,544,390,8,0,0.00,5.93,0.28,0.00
4319703577,4/26/2016,Tue,649,288,21,8,0.00,5.15,0.92,0.57
4319703577,4/27/2016,Wed,680,300,47,6,0.00,4.91,1.92,0.41
4319703577,4/28/2016,Thu,552,359,8,13,0.00,5.94,0.33,1.01
4319703577,4/29/2016,Fri,624,289,18,6,0.00,4.12,0.79,0.45
4319703577,4/30/2016,Sat,695,196,38,6,0.00,3.51,1.61,0.40
4319703577,5/1/2016,Sun,836,67,0,0,0.00,0.84,0.00,0.00
4319703577,5/2/2016,Mon,585,344,11,0,0.00,5.71,0.44,0.00
4319703577,5/3/2016,Tue,669,287,26,8,0.00,4.83,1.07,0.58
4319703577,5/4/2016,Wed,1106,313,13,8,0.00,5.85,0.58,0.59
4319703577,5/5/2016,Thu,957,328,34,27,0.00,5.45,1.41,2.63
4319703577,5/6/2016,Fri,692,314,11,6,0.00,5.46,0.47,0.41
4319703577,5/7/2016,Sat,586,279,28,3,0.00,4.08,1.05,0.19
4319703577,5/8/2016,Sun,603,153,0,0,0.00,2.46,0.00,0.00
4319703577,5/9/2016,Mon,490,374,14,2,0.00,6.25,0.56,0.14
4319703577,5/10/2016,Tue,555,329,12,3,0.00,5.70,0.46,0.21
4319703577,5/11/2016,Wed,574,311,18,3,0.00,5.18,0.74,0.20
4319703577,5/12/2016,Thu,0,2,0,0,0.00,0.01,0.00,0.00
4388161847,4/12/2016,Tue,1440,0,0,0,0.00,0.00,0.00,0.00
4388161847,4/13/2016,Wed,1275,150,14,1,0.00,3.88,0.63,0.06
4388161847,4/14/2016,Thu,945,219,35,10,0.00,5.62,1.07,0.13
4388161847,4/15/2016,Fri,837,299,0,0,0.00,6.73,0.00,0.00
4388161847,4/16/2016,Sat,609,253,9,6,0.00,4.45,0.40,0.21
4388161847,4/17/2016,Sun,721,201,0,0,0.00,3.58,0.00,0.00
4388161847,4/18/2016,Mon,1017,239,8,27,0.00,5.14,0.40,3.56
4388161847,4/19/2016,Tue,704,249,16,20,0.00,5.77,0.69,1.37
4388161847,4/20/2016,Wed,696,228,42,19,0.00,5.29,1.72,1.10
4388161847,4/21/2016,Thu,853,272,12,7,0.00,6.98,0.39,0.37
4388161847,4/22/2016,Fri,945,220,25,77,0.00,4.92,1.11,3.30
4388161847,4/23/2016,Sat,749,215,5,58,0.00,5.35,0.32,4.50
4388161847,4/24/2016,Sun,584,239,8,14,0.00,6.30,0.51,1.08
4388161847,4/25/2016,Mon,1054,301,31,11,0.00,7.84,1.40,0.73
4388161847,4/26/2016,Tue,673,224,23,14,0.00,5.27,1.06,0.94
4388161847,4/27/2016,Wed,684,241,48,11,0.00,5.39,2.51,0.70
4388161847,4/28/2016,Thu,878,234,9,19,0.00,6.03,0.43,1.29
4388161847,4/29/2016,Fri,1175,236,16,13,0.00,5.42,0.89,0.80
4388161847,4/30/2016,Sat,537,300,43,14,0.00,6.94,2.00,0.70
4388161847,5/1/2016,Sun,579,241,15,12,0.00,6.20,0.68,1.01
4388161847,5/2/2016,Mon,935,204,4,33,0.00,4.55,0.08,3.77
4388161847,5/3/2016,Tue,984,306,18,18,0.00,7.88,0.78,1.13
4388161847,5/4/2016,Wed,632,251,21,35,0.00,5.80,0.93,2.79
4388161847,5/5/2016,Thu,896,199,39,12,0.00,5.09,1.67,0.63
4388161847,5/6/2016,Fri,1100,262,45,33,0.00,5.93,2.09,2.11
4388161847,5/7/2016,Sat,508,260,56,120,0.00,5.33,2.77,9.45
4388161847,5/8/2016,Sun,576,178,38,107,0.00,3.23,1.26,9.89
4388161847,5/9/2016,Mon,1020,258,19,6,0.00,6.79,0.73,0.34
4388161847,5/10/2016,Tue,648,267,14,13,0.00,6.46,0.65,0.81
4388161847,5/11/2016,Wed,858,256,18,8,0.00,6.53,0.79,0.53
4388161847,5/12/2016,Thu,825,108,0,0,0.00,2.59,0.00,0.00
4445114986,4/12/2016,Tue,787,196,0,0,0.00,2.20,0.00,0.00
4445114986,4/13/2016,Wed,840,194,0,0,0.00,1.99,0.00,0.00
4445114986,4/14/2016,Thu,717,231,0,0,0.00,2.67,0.00,0.00
4445114986,4/15/2016,Fri,711,350,0,0,0.00,4.83,0.00,0.00
4445114986,4/16/2016,Sat,716,225,0,0,0.00,2.65,0.00,0.00
4445114986,4/17/2016,Sun,1219,114,0,0,0.00,1.52,0.00,0.00
4445114986,4/18/2016,Mon,1247,162,6,25,0.00,1.95,0.29,2.00
4445114986,4/19/2016,Tue,895,121,0,0,0.00,1.39,0.00,0.00
4445114986,4/20/2016,Wed,841,137,0,0,0.00,1.39,0.00,0.00
4445114986,4/21/2016,Thu,756,215,0,0,0.00,2.54,0.00,0.00
4445114986,4/22/2016,Fri,706,317,0,0,0.00,4.58,0.00,0.00
4445114986,4/23/2016,Sat,1239,201,0,0,0.00,2.93,0.00,0.00
4445114986,4/24/2016,Sun,1196,244,0,0,0.00,3.36,0.00,0.00
4445114986,4/25/2016,Mon,916,179,0,0,0.00,2.27,0.00,0.00
4445114986,4/26/2016,Tue,839,180,1,29,0.00,1.96,0.04,2.41
4445114986,4/27/2016,Wed,839,194,1,32,0.00,2.38,0.03,2.62
4445114986,4/28/2016,Thu,762,236,0,0,0.00,3.01,0.00,0.00
4445114986,4/29/2016,Fri,1106,226,0,0,0.00,3.13,0.00,0.00
4445114986,4/30/2016,Sat,797,290,0,0,0.00,4.18,0.00,0.00
4445114986,5/1/2016,Sun,741,240,0,0,0.00,3.51,0.00,0.00
4445114986,5/2/2016,Mon,667,200,4,27,0.00,2.35,0.19,2.21
4445114986,5/3/2016,Tue,725,233,2,30,0.00,2.58,0.11,2.48
4445114986,5/4/2016,Wed,897,180,0,0,0.00,1.96,0.00,0.00
4445114986,5/5/2016,Thu,734,185,6,2,0.00,2.18,0.24,0.12
4445114986,5/6/2016,Fri,809,229,0,0,0.00,3.03,0.00,0.00
4445114986,5/7/2016,Sat,866,108,4,26,0.00,1.25,0.19,2.13
4445114986,5/8/2016,Sun,733,308,8,0,0.00,4.65,0.25,0.00
4445114986,5/9/2016,Mon,641,266,0,0,0.00,3.54,0.00,0.00
4445114986,5/10/2016,Tue,783,231,0,0,0.00,2.63,0.00,0.00
4445114986,5/11/2016,Wed,622,232,22,34,0.00,2.86,1.00,2.25
4445114986,5/12/2016,Thu,380,58,0,0,0.00,0.52,0.00,0.00
4558609924,4/12/2016,Tue,1122,318,0,0,0.00,3.39,0.00,0.00
4558609924,4/13/2016,Wed,1287,127,7,19,0.00,1.61,0.44,1.24
4558609924,4/14/2016,Thu,1161,279,0,0,0.00,4.49,0.00,0.00
4558609924,4/15/2016,Fri,1131,262,30,17,0.00,3.73,0.84,0.59
4558609924,4/16/2016,Sat,1112,308,12,8,0.00,3.50,0.75,0.55
4558609924,4/17/2016,Sun,1110,304,19,7,0.00,4.71,1.14,0.55
4558609924,4/18/2016,Mon,1080,331,15,14,0.00,4.00,0.93,0.98
4558609924,4/19/2016,Tue,1182,248,9,1,0.00,3.16,0.36,0.05
4558609924,4/20/2016,Wed,1218,222,0,0,0.00,3.17,0.00,0.00
4558609924,4/21/2016,Thu,844,432,21,6,0.00,7.70,0.97,0.42
4558609924,4/22/2016,Fri,1122,273,25,20,0.00,3.47,1.50,1.37
4558609924,4/23/2016,Sat,1122,308,5,5,0.00,4.01,0.20,0.34
4558609924,4/24/2016,Sun,1045,395,0,0,0.00,5.65,0.00,0.00
4558609924,4/25/2016,Mon,993,340,10,18,0.00,4.51,0.25,0.59
4558609924,4/26/2016,Tue,1062,283,41,12,0.00,3.59,2.03,0.43
4558609924,4/27/2016,Wed,1087,312,14,27,0.00,3.46,0.89,1.96
4558609924,4/28/2016,Thu,985,367,11,1,0.00,5.95,0.27,0.02
4558609924,4/29/2016,Fri,1096,197,29,15,0.00,2.31,1.85,1.02
4558609924,4/30/2016,Sat,1111,293,29,7,0.00,4.46,1.89,0.47
4558609924,5/1/2016,Sun,1121,190,0,0,0.00,2.27,0.00,0.00
4558609924,5/2/2016,Mon,1057,383,0,0,0.00,5.22,0.00,0.00
4558609924,5/3/2016,Tue,1172,237,10,21,0.00,2.60,0.28,0.60
4558609924,5/4/2016,Wed,1188,252,0,0,0.00,3.46,0.00,0.00
4558609924,5/5/2016,Thu,1048,370,8,14,0.00,5.51,0.50,1.01
4558609924,5/6/2016,Fri,1238,202,0,0,0.00,2.48,0.00,0.00
4558609924,5/7/2016,Sat,1116,233,16,23,0.00,2.83,1.00,1.61
4558609924,5/8/2016,Sun,1019,238,35,66,0.00,2.02,0.50,1.80
4558609924,5/9/2016,Mon,1065,339,30,6,0.00,5.52,1.62,0.43
4558609924,5/10/2016,Tue,1191,220,18,11,0.00,2.39,1.12,0.74
4558609924,5/11/2016,Wed,1081,324,31,4,0.00,3.94,1.82,0.26
4558609924,5/12/2016,Thu,736,247,0,0,0.00,4.17,0.00,0.00
4702921684,4/12/2016,Tue,718,263,0,0,0.00,5.85,0.00,0.00
4702921684,4/13/2016,Wed,777,258,0,0,0.00,5.58,0.00,0.00
4702921684,4/14/2016,Thu,772,271,0,0,0.00,6.37,0.00,0.00
4702921684,4/15/2016,Fri,944,256,8,1,0.00,4.79,0.42,0.07
4702921684,4/16/2016,Sat,556,335,24,3,0.00,7.54,1.25,0.24
4702921684,4/17/2016,Sun,437,302,66,12,0.00,5.88,3.46,0.96
4702921684,4/18/2016,Mon,890,191,30,22,0.00,4.07,1.49,1.82
4702921684,4/19/2016,Tue,757,179,8,10,0.00,4.19,0.37,0.88
4702921684,4/20/2016,Wed,717,260,29,2,0.00,5.73,1.23,0.16
4702921684,4/21/2016,Thu,901,144,41,4,0.00,2.94,2.05,0.31
4702921684,4/22/2016,Fri,1341,72,0,0,0.00,1.35,0.00,0.00
4702921684,4/23/2016,Sat,469,408,66,9,0.00,8.27,3.24,0.76
4702921684,4/24/2016,Sun,542,281,95,15,0.00,5.88,5.12,1.20
4702921684,4/25/2016,Mon,730,270,15,6,0.00,6.11,0.82,0.49
4702921684,4/26/2016,Tue,765,216,8,1,0.00,4.54,0.35,0.07
4702921684,4/27/2016,Wed,733,238,16,1,0.00,4.78,0.80,0.09
4702921684,4/28/2016,Thu,738,232,9,14,0.00,5.77,0.42,1.13
4702921684,4/29/2016,Fri,692,267,19,12,0.00,6.07,0.92,1.06
4702921684,4/30/2016,Sat,728,263,36,4,0.00,5.88,2.03,0.32
4702921684,5/1/2016,Sun,1440,0,0,0,0.00,0.00,0.00,0.00
4702921684,5/2/2016,Mon,1131,195,40,5,0.00,3.76,1.74,0.38
4702921684,5/3/2016,Tue,729,313,0,0,0.00,7.67,0.00,0.00
4702921684,5/4/2016,Wed,757,251,15,4,0.00,5.54,0.73,0.34
4702921684,5/5/2016,Thu,745,241,5,8,0.00,6.09,0.22,0.67
4702921684,5/6/2016,Fri,682,207,16,1,0.00,4.87,0.66,0.08
4702921684,5/7/2016,Sat,577,439,46,5,0.00,8.97,2.31,0.37
4702921684,5/8/2016,Sun,1019,192,125,9,0.00,3.54,6.21,0.68
4702921684,5/9/2016,Mon,746,253,12,0,0.00,6.10,0.57,0.00
4702921684,5/10/2016,Tue,701,262,37,1,0.00,6.65,1.88,0.08
4702921684,5/11/2016,Wed,784,235,41,10,0.00,4.98,2.16,0.78
4702921684,5/12/2016,Thu,241,68,0,0,0.00,2.23,0.00,0.00
5553957443,4/12/2016,Tue,767,277,13,19,0.00,5.41,0.79,1.37
5553957443,4/13/2016,Wed,647,226,0,0,0.00,3.16,0.00,0.00
5553957443,4/14/2016,Thu,693,256,41,61,0.00,4.67,2.45,4.00
5553957443,4/15/2016,Fri,689,239,38,58,0.00,4.71,1.98,4.16
5553957443,4/16/2016,Sat,521,288,0,0,0.00,3.77,0.00,0.00
5553957443,4/17/2016,Sun,943,46,0,0,0.00,0.43,0.00,0.00
5553957443,4/18/2016,Mon,622,206,0,0,0.00,2.43,0.00,0.00
5553957443,4/19/2016,Tue,756,249,28,69,0.00,4.18,1.66,4.28
5553957443,4/20/2016,Wed,598,148,0,0,0.00,1.77,0.00,0.00
5553957443,4/21/2016,Thu,801,177,42,47,0.00,2.96,2.16,2.95
5553957443,4/22/2016,Fri,781,270,16,25,0.00,5.60,0.63,1.38
5553957443,4/23/2016,Sat,443,272,0,0,0.00,2.68,0.00,0.00
5553957443,4/24/2016,Sun,582,104,0,0,0.00,1.18,0.00,0.00
5553957443,4/25/2016,Mon,732,201,11,51,0.00,3.69,0.57,2.93
5553957443,4/26/2016,Tue,750,238,18,40,0.00,4.46,0.93,2.37
5553957443,4/27/2016,Wed,745,206,16,16,0.00,4.74,1.00,1.14
5553957443,4/28/2016,Thu,727,165,13,49,0.00,3.17,0.75,3.71
5553957443,4/29/2016,Fri,709,270,15,46,0.00,4.91,0.64,2.79
5553957443,4/30/2016,Sat,506,84,0,0,0.00,0.78,0.00,0.00
5553957443,5/1/2016,Sun,436,237,0,0,0.00,3.37,0.00,0.00
5553957443,5/2/2016,Mon,724,227,9,23,0.00,4.90,0.41,1.06
5553957443,5/3/2016,Tue,812,247,29,26,0.00,5.68,1.20,1.50
5553957443,5/4/2016,Wed,651,224,0,0,0.00,2.77,0.00,0.00
5553957443,5/5/2016,Thu,692,241,29,44,0.00,4.43,1.66,3.43
5553957443,5/6/2016,Fri,761,229,9,21,0.00,4.23,0.54,1.52
5553957443,5/7/2016,Sat,902,96,0,0,0.00,1.22,0.00,0.00
5553957443,5/8/2016,Sun,505,210,8,3,0.00,3.30,0.47,0.22
5553957443,5/9/2016,Mon,667,251,22,59,0.00,4.56,0.89,2.13
5553957443,5/10/2016,Tue,707,265,40,61,0.00,5.20,1.61,3.87
5553957443,5/11/2016,Wed,628,195,0,0,0.00,3.22,0.00,0.00
5553957443,5/12/2016,Thu,222,48,6,8,0.00,1.06,0.40,0.58
5577150313,4/12/2016,Tue,728,140,16,86,0.00,2.10,0.38,3.60
5577150313,4/13/2016,Wed,776,144,11,15,0.00,3.25,0.22,0.32
5577150313,4/14/2016,Thu,662,176,30,118,0.00,2.78,0.31,3.33
5577150313,4/15/2016,Fri,695,199,54,115,0.00,3.56,1.60,3.92
5577150313,4/16/2016,Sat,472,158,56,184,0.00,2.73,1.28,6.64
5577150313,4/17/2016,Sun,525,159,37,200,0.00,2.32,0.83,5.98
5577150313,4/18/2016,Mon,623,130,32,114,0.00,1.82,0.72,4.86
5577150313,4/19/2016,Tue,733,111,23,108,0.00,1.76,0.64,7.02
5577150313,4/20/2016,Wed,773,113,16,87,0.00,1.76,0.34,4.12
5577150313,4/21/2016,Thu,670,175,74,110,0.00,2.78,1.66,3.65
5577150313,4/22/2016,Fri,823,200,30,62,0.00,3.30,0.79,2.42
5577150313,4/23/2016,Sat,627,223,24,24,0.00,4.14,0.36,1.21
5577150313,4/24/2016,Sun,425,141,65,210,0.00,1.98,2.15,7.65
5577150313,4/25/2016,Mon,743,214,38,61,0.00,2.76,0.67,1.35
5577150313,4/26/2016,Tue,759,181,32,38,0.00,2.47,0.65,0.85
5577150313,4/27/2016,Wed,773,190,16,63,0.00,2.93,0.40,1.81
5577150313,4/28/2016,Thu,692,141,51,99,0.00,3.01,1.17,3.25
5577150313,4/29/2016,Fri,739,165,36,97,0.00,2.47,0.61,2.84
5577150313,4/30/2016,Sat,621,163,45,207,0.00,2.61,0.79,5.83
5577150313,5/1/2016,Sun,499,178,72,194,0.00,3.24,1.44,5.31
5577150313,5/2/2016,Mon,732,235,20,37,0.00,4.07,0.35,1.12
5577150313,5/3/2016,Tue,580,212,8,97,0.00,3.57,0.15,4.52
5577150313,5/4/2016,Wed,631,141,9,25,0.00,2.08,0.25,1.56
5577150313,5/5/2016,Thu,1153,143,21,45,0.00,2.67,0.47,2.50
5577150313,5/6/2016,Fri,1304,79,16,41,0.00,1.45,0.32,1.93
5577150313,5/7/2016,Sat,1440,0,0,0,0.00,0.00,0.00,0.00
5577150313,5/8/2016,Sun,1440,0,0,0,0.00,0.00,0.00,0.00
5577150313,5/9/2016,Mon,1099,70,11,34,0.00,0.99,0.14,1.43
5577150313,5/10/2016,Tue,639,194,37,104,0.00,3.35,0.75,2.56
5577150313,5/11/2016,Wed,257,63,15,45,0.00,0.89,0.30,1.83
6117666160,4/12/2016,Tue,1440,0,0,0,0.00,0.00,0.00,0.00
6117666160,4/13/2016,Wed,1440,0,0,0,0.00,0.00,0.00,0.00
6117666160,4/14/2016,Thu,1440,0,0,0,0.00,0.00,0.00,0.00
6117666160,4/15/2016,Fri,921,513,6,0,0.00,10.30,0.28,0.00
6117666160,4/16/2016,Sat,502,518,15,7,0.00,9.48,0.85,0.58
6117666160,4/17/2016,Sun,702,312,0,0,0.00,5.40,0.00,0.00
6117666160,4/18/2016,Mon,759,241,0,0,0.00,3.89,0.00,0.00
6117666160,4/19/2016,Tue,425,480,0,0,0.00,8.41,0.00,0.00
6117666160,4/20/2016,Wed,587,349,10,26,0.00,5.52,0.48,2.03
6117666160,4/21/2016,Thu,579,294,19,11,0.00,5.62,0.40,0.98
6117666160,4/22/2016,Fri,413,402,0,0,0.00,6.20,0.00,0.00
6117666160,4/23/2016,Sat,468,512,0,0,0.00,8.68,0.00,0.00
6117666160,4/24/2016,Sun,711,362,0,0,0.00,5.76,0.00,0.00
6117666160,4/25/2016,Mon,1440,0,0,0,0.00,0.00,0.00,0.00
6117666160,4/26/2016,Tue,1077,352,7,0,0.00,6.87,0.34,0.00
6117666160,4/27/2016,Wed,417,458,0,0,0.00,7.11,0.00,0.00
6117666160,4/28/2016,Thu,758,141,0,0,0.00,2.60,0.00,0.00
6117666160,4/29/2016,Fri,479,461,0,0,0.00,7.24,0.00,0.00
6117666160,4/30/2016,Sat,1040,343,0,0,0.00,5.28,0.00,0.00
6117666160,5/1/2016,Sun,525,397,0,0,0.00,6.73,0.00,0.00
6117666160,5/2/2016,Mon,1204,236,0,0,0.00,3.73,0.00,0.00
6117666160,5/3/2016,Tue,1440,0,0,0,0.00,0.00,0.00,0.00
6117666160,5/4/2016,Wed,1279,156,0,0,0.00,2.26,0.00,0.00
6117666160,5/5/2016,Thu,479,487,0,0,0.00,7.40,0.00,0.00
6117666160,5/6/2016,Fri,673,133,0,0,0.00,2.68,0.00,0.00
6117666160,5/7/2016,Sat,456,412,0,0,0.00,5.54,0.00,0.00
6117666160,5/8/2016,Sun,517,318,0,0,0.00,5.53,0.00,0.00
6117666160,5/9/2016,Mon,125,197,0,0,0.00,3.38,0.00,0.00
6290855005,4/12/2016,Tue,1241,199,0,0,0.00,3.45,0.00,0.00
6290855005,4/13/2016,Wed,1090,350,0,0,0.01,5.39,0.00,0.00
6290855005,4/14/2016,Thu,1077,363,0,0,0.03,5.77,0.00,0.00
6290855005,4/15/2016,Fri,1112,328,0,0,0.01,7.17,0.00,0.00
6290855005,4/16/2016,Sat,1182,258,0,0,0.01,6.27,0.00,0.00
6290855005,4/17/2016,Sun,1172,225,12,31,0.00,4.00,0.79,1.14
6290855005,4/18/2016,Mon,1169,271,0,0,0.02,5.19,0.00,0.00
6290855005,4/19/2016,Tue,1119,321,0,0,0.01,5.39,0.00,0.00
6290855005,4/20/2016,Wed,1182,258,0,0,0.01,4.80,0.00,0.00
6290855005,4/21/2016,Thu,1440,0,0,0,0.00,0.00,0.00,0.00
6290855005,4/22/2016,Fri,1138,302,0,0,0.00,4.72,0.00,0.00
6290855005,4/23/2016,Sat,1407,0,0,33,0.00,0.00,0.00,0.00
6290855005,4/24/2016,Sun,1182,258,0,0,0.00,4.46,0.00,0.00
6290855005,4/25/2016,Mon,1180,249,3,8,0.01,5.03,0.18,0.68
6290855005,4/26/2016,Tue,1440,0,0,0,0.00,0.00,0.00,0.00
6290855005,4/27/2016,Wed,1153,287,0,0,0.03,4.18,0.00,0.00
6290855005,4/28/2016,Thu,1185,255,0,0,0.00,4.33,0.00,0.00
6290855005,4/29/2016,Fri,1440,0,0,0,0.00,0.00,0.00,0.00
6290855005,4/30/2016,Sat,1116,324,0,0,0.01,5.09,0.00,0.00
6290855005,5/1/2016,Sun,1055,282,95,8,0.02,4.00,2.75,0.66
6290855005,5/2/2016,Mon,1172,268,0,0,0.02,5.11,0.00,0.00
6290855005,5/3/2016,Tue,1200,240,0,0,0.00,4.57,0.00,0.00
6290855005,5/4/2016,Wed,1168,272,0,0,0.01,4.40,0.00,0.00
6290855005,5/5/2016,Thu,1201,239,0,0,0.00,4.79,0.00,0.00
6290855005,5/6/2016,Fri,1135,305,0,0,0.03,4.59,0.00,0.00
6290855005,5/7/2016,Sat,1213,227,0,0,0.00,4.16,0.00,0.00
6290855005,5/8/2016,Sun,1189,251,0,0,0.00,5.82,0.00,0.00
6290855005,5/9/2016,Mon,800,264,0,0,0.02,4.73,0.00,0.00
6290855005,5/10/2016,Tue,1440,0,0,0,0.00,0.00,0.00,0.00
6775888955,4/12/2016,Tue,1440,0,0,0,0.00,0.00,0.00,0.00
6775888955,4/13/2016,Wed,1053,85,18,17,0.00,1.22,0.58,1.11
6775888955,4/14/2016,Thu,863,105,24,14,0.00,1.97,0.86,0.87
6775888955,4/15/2016,Fri,976,58,0,0,0.00,0.92,0.00,0.00
6775888955,4/16/2016,Sat,1377,9,18,36,0.00,0.06,0.81,2.52
6775888955,4/17/2016,Sun,1392,19,24,5,0.00,0.31,1.13,0.35
6775888955,4/18/2016,Mon,1233,146,31,30,0.00,3.17,0.77,2.00
6775888955,4/19/2016,Tue,1440,0,0,0,0.00,0.00,0.00,0.00
6775888955,4/20/2016,Wed,1079,178,113,70,0.00,2.22,1.74,3.77
6775888955,4/21/2016,Thu,1440,0,0,0,0.00,0.00,0.00,0.00
6775888955,4/22/2016,Fri,1420,20,0,0,0.00,0.46,0.00,0.00
6775888955,4/23/2016,Sat,1440,0,0,0,0.00,0.00,0.00,0.00
6775888955,4/24/2016,Sun,1400,11,18,11,0.00,0.15,0.62,0.77
6775888955,4/25/2016,Mon,1302,92,13,33,0.00,1.90,0.46,2.27
6775888955,4/26/2016,Tue,1321,47,30,42,0.00,0.73,0.87,3.48
6775888955,4/27/2016,Wed,1440,0,0,0,0.00,0.00,0.00,0.00
6775888955,4/28/2016,Thu,1410,15,13,2,0.00,0.24,0.20,0.06
6775888955,4/29/2016,Fri,1440,0,0,0,0.00,0.00,0.00,0.00
6775888955,4/30/2016,Sat,1344,84,9,3,0.00,1.48,0.16,0.16
6775888955,5/1/2016,Sun,1347,50,34,9,0.00,0.68,0.62,0.48
6775888955,5/2/2016,Mon,1440,0,0,0,0.00,0.00,0.00,0.00
6775888955,5/3/2016,Tue,1439,1,0,0,0.00,0.01,0.00,0.00
6775888955,5/4/2016,Wed,1440,0,0,0,0.00,0.00,0.00,0.00
6775888955,5/5/2016,Thu,1440,0,0,0,0.00,0.00,0.00,0.00
6775888955,5/6/2016,Fri,1318,75,35,12,0.00,1.93,0.93,0.47
6775888955,5/7/2016,Sat,551,49,5,2,0.00,1.05,0.24,0.13
6962181067,4/12/2016,Tue,796,189,14,50,0.00,2.51,0.83,3.40
6962181067,4/13/2016,Wed,548,142,24,8,0.00,1.96,1.21,0.57
6962181067,4/14/2016,Thu,862,86,0,0,0.00,1.03,0.00,0.00
6962181067,4/15/2016,Fri,837,217,0,0,0.00,3.68,0.00,0.00
6962181067,4/16/2016,Sat,741,280,3,50,0.00,4.88,0.19,3.66
6962181067,4/17/2016,Sun,634,295,13,5,0.00,5.69,0.68,0.33
6962181067,4/18/2016,Mon,689,238,42,13,0.00,4.32,2.39,0.83
6962181067,4/19/2016,Tue,659,195,41,35,0.00,2.87,2.13,2.10
6962181067,4/20/2016,Wed,639,297,4,48,0.00,5.09,0.19,4.28
6962181067,4/21/2016,Thu,708,214,27,53,0.11,3.51,2.10,3.99
6962181067,4/22/2016,Fri,659,240,33,30,0.00,3.77,1.55,1.77
6962181067,4/23/2016,Sat,484,347,41,58,0.00,7.04,2.00,4.20
6962181067,4/24/2016,Sun,720,199,0,0,0.00,3.32,0.00,0.00
6962181067,4/25/2016,Mon,637,282,31,35,0.10,4.46,1.68,3.02
6962181067,4/26/2016,Tue,680,254,7,36,0.00,3.90,0.42,2.58
6962181067,4/27/2016,Wed,697,279,38,7,0.00,4.25,2.02,0.55
6962181067,4/28/2016,Thu,621,288,8,38,0.00,5.59,0.24,2.51
6962181067,4/29/2016,Fri,645,369,15,12,0.00,5.81,0.48,0.82
6962181067,4/30/2016,Sat,731,237,16,32,0.00,3.67,0.76,2.24
6962181067,5/1/2016,Sun,722,215,0,0,0.00,3.61,0.00,0.00
6962181067,5/2/2016,Mon,655,313,39,18,0.00,5.34,2.00,1.20
6962181067,5/3/2016,Tue,654,267,36,21,0.00,4.33,2.04,1.74
6962181067,5/4/2016,Wed,683,284,36,15,0.00,4.55,1.68,0.47
6962181067,5/5/2016,Thu,591,305,22,14,0.00,4.81,1.16,0.99
6962181067,5/6/2016,Fri,717,299,0,0,0.00,3.91,0.00,0.00
6962181067,5/7/2016,Sat,745,328,0,0,0.00,4.50,0.00,0.00
6962181067,5/8/2016,Sun,709,151,14,0,0.00,2.25,0.52,0.00
6962181067,5/9/2016,Mon,607,231,21,43,0.00,3.65,1.18,3.90
6962181067,5/10/2016,Tue,626,275,34,62,0.00,4.99,1.75,3.47
6962181067,5/11/2016,Wed,709,199,7,24,0.00,2.65,0.31,1.49
6962181067,5/12/2016,Thu,127,105,8,0,0.00,2.11,0.25,0.00
7007744171,4/12/2016,Tue,1024,355,8,53,0.00,5.41,0.38,4.50
7007744171,4/13/2016,Wed,1101,261,22,56,0.00,4.48,0.56,4.61
7007744171,4/14/2016,Thu,1096,304,6,34,0.00,4.96,0.34,2.95
7007744171,4/15/2016,Fri,1238,202,0,0,0.00,3.53,0.00,0.00
7007744171,4/16/2016,Sat,1155,203,0,0,0.00,3.10,0.00,0.00
7007744171,4/17/2016,Sun,1135,305,0,0,0.00,5.39,0.00,0.00
7007744171,4/18/2016,Mon,1077,284,31,48,0.02,5.05,2.12,3.79
7007744171,4/19/2016,Tue,1066,304,17,53,0.00,5.31,0.76,4.41
7007744171,4/20/2016,Wed,1000,347,33,60,0.00,5.86,0.67,4.79
7007744171,4/21/2016,Thu,1049,327,34,30,0.00,5.17,1.87,2.15
7007744171,4/22/2016,Fri,1065,261,50,64,0.00,4.37,1.76,4.10
7007744171,4/23/2016,Sat,1190,223,25,2,0.00,4.15,1.13,0.13
7007744171,4/24/2016,Sun,1021,419,0,0,0.00,7.42,0.00,0.00
7007744171,4/25/2016,Mon,986,379,24,51,0.00,7.67,1.37,4.31
7007744171,4/26/2016,Tue,978,424,22,16,0.00,8.23,0.94,0.93
7007744171,4/27/2016,Wed,1041,337,12,50,0.00,5.29,0.66,4.27
7007744171,4/28/2016,Thu,1007,401,16,16,0.00,8.26,0.77,1.09
7007744171,4/29/2016,Fri,961,382,42,55,0.00,7.95,2.05,4.31
7007744171,4/30/2016,Sat,1240,200,0,0,0.00,2.52,0.00,0.00
7007744171,5/1/2016,Sun,1142,237,0,0,0.00,3.75,0.00,0.00
7007744171,5/2/2016,Mon,1112,250,14,64,0.00,3.83,0.70,4.64
7007744171,5/3/2016,Tue,1021,330,31,58,0.00,5.36,1.02,4.48
7007744171,5/4/2016,Wed,1440,0,0,0,0.00,0.00,0.00,0.00
7007744171,5/5/2016,Thu,1047,317,23,53,0.00,5.48,1.29,4.33
7007744171,5/6/2016,Fri,1136,247,13,44,0.00,3.86,0.81,3.00
7007744171,5/7/2016,Sat,111,0,0,0,0.00,0.00,0.00,0.00
7086361926,4/12/2016,Tue,745,153,6,59,0.00,2.97,0.15,5.27
7086361926,4/13/2016,Wed,744,155,26,31,0.00,2.84,0.21,0.56
7086361926,4/14/2016,Thu,787,189,32,35,0.00,3.66,0.33,2.03
7086361926,4/15/2016,Fri,864,139,21,30,0.00,2.53,1.11,2.04
7086361926,4/16/2016,Sat,1437,3,0,0,0.00,0.01,0.00,0.00
7086361926,4/17/2016,Sun,1440,0,0,0,0.00,0.00,0.00,0.00
7086361926,4/18/2016,Mon,1136,114,51,61,0.00,2.31,1.22,3.17
7086361926,4/19/2016,Tue,671,124,69,67,0.00,2.51,1.23,3.53
7086361926,4/20/2016,Wed,797,145,13,87,0.00,2.54,0.45,7.64
7086361926,4/21/2016,Thu,758,206,6,19,0.00,4.51,0.30,1.36
7086361926,4/22/2016,Fri,762,153,59,58,0.00,2.67,0.97,2.87
7086361926,4/23/2016,Sat,1350,90,0,0,0.00,1.80,0.00,0.00
7086361926,4/24/2016,Sun,566,125,0,0,0.00,2.15,0.00,0.00
7086361926,4/25/2016,Mon,706,129,39,69,0.00,2.37,0.70,3.75
7086361926,4/26/2016,Tue,726,132,33,70,0.00,2.12,0.77,4.16
7086361926,4/27/2016,Wed,829,145,6,55,0.00,2.53,0.18,5.63
7086361926,4/28/2016,Thu,810,161,48,54,0.00,3.36,1.64,2.79
7086361926,4/29/2016,Fri,1198,182,36,24,0.00,4.00,0.45,0.49
7086361926,4/30/2016,Sat,584,308,17,42,0.00,5.24,1.04,3.12
7086361926,5/1/2016,Sun,685,258,15,30,0.00,4.85,0.90,2.30
7086361926,5/2/2016,Mon,737,139,26,66,0.00,2.66,0.66,3.48
7086361926,5/3/2016,Tue,761,152,36,57,0.00,3.16,0.85,2.74
7086361926,5/4/2016,Wed,843,135,12,45,0.00,2.90,0.12,5.28
7086361926,5/5/2016,Thu,1253,149,14,24,0.00,2.95,0.83,1.78
7086361926,5/6/2016,Fri,834,154,35,84,0.00,3.12,1.43,3.82
7086361926,5/7/2016,Sat,621,209,42,20,0.00,4.68,2.33,1.46
7086361926,5/8/2016,Sun,695,147,27,32,0.00,3.25,1.53,2.31
7086361926,5/9/2016,Mon,743,171,50,67,0.00,3.12,1.71,4.26
7086361926,5/10/2016,Tue,1182,106,23,72,0.00,2.45,1.20,7.11
7086361926,5/11/2016,Wed,757,128,40,57,0.00,2.23,1.39,2.89
7086361926,5/12/2016,Thu,343,58,4,5,0.00,1.89,0.27,0.38
8053475328,4/12/2016,Tue,1193,123,8,116,0.00,2.10,0.39,11.64
8053475328,4/13/2016,Wed,1177,156,12,95,0.00,2.45,0.47,10.43
8053475328,4/14/2016,Thu,1123,193,5,119,0.00,3.36,0.21,12.34
8053475328,4/15/2016,Fri,1142,158,8,132,0.00,2.59,0.39,13.26
8053475328,4/16/2016,Sat,1255,83,6,96,0.00,1.49,0.27,9.36
8053475328,4/17/2016,Sun,1113,195,21,111,0.00,3.64,0.80,9.24
8053475328,4/18/2016,Mon,1137,195,6,102,0.00,3.35,0.23,9.08
8053475328,4/19/2016,Tue,1152,191,7,90,0.00,2.95,0.31,9.22
8053475328,4/20/2016,Wed,695,158,5,89,0.00,2.38,0.23,9.58
8053475328,4/21/2016,Thu,1164,170,6,100,0.00,2.58,0.25,9.67
8053475328,4/22/2016,Fri,1260,117,3,60,0.00,1.88,0.15,6.26
8053475328,4/23/2016,Sat,741,223,14,125,0.00,4.02,0.63,12.54
8053475328,4/24/2016,Sun,1096,182,33,129,0.00,3.26,1.55,13.13
8053475328,4/25/2016,Mon,1104,209,9,118,0.00,3.86,0.46,11.37
8053475328,4/26/2016,Tue,1182,185,5,68,0.00,3.10,0.20,6.31
8053475328,4/27/2016,Wed,1187,183,10,60,0.00,2.93,0.43,6.46
8053475328,4/28/2016,Thu,1188,153,9,90,0.00,2.35,0.39,9.67
8053475328,4/29/2016,Fri,1215,159,8,58,0.00,3.17,0.31,6.17
8053475328,4/30/2016,Sat,1281,131,1,27,0.00,2.54,0.06,2.99
8053475328,5/1/2016,Sun,1389,51,0,0,0.00,0.85,0.00,0.00
8053475328,5/2/2016,Mon,1345,95,0,0,0.00,1.43,0.00,0.00
8053475328,5/3/2016,Tue,1166,165,22,87,0.00,2.59,0.93,8.39
8053475328,5/4/2016,Wed,1220,123,8,89,0.00,1.91,0.40,8.82
8053475328,5/5/2016,Thu,1208,130,9,93,0.00,2.21,0.45,8.85
8053475328,5/6/2016,Fri,1245,90,15,90,0.00,1.21,0.69,9.10
8053475328,5/7/2016,Sat,1076,148,20,121,0.00,2.35,0.88,12.44
8053475328,5/8/2016,Sun,1073,228,14,125,0.00,3.66,0.59,13.40
8053475328,5/9/2016,Mon,1214,148,12,66,0.00,2.69,0.57,6.12
8053475328,5/10/2016,Tue,1219,115,10,96,0.00,1.85,0.42,9.09
8053475328,5/11/2016,Wed,1189,184,7,60,0.00,3.04,0.28,6.08
8053475328,5/12/2016,Thu,839,39,4,28,0.00,0.76,0.20,2.95
8253242879,4/12/2016,Tue,1244,154,2,40,0.00,1.59,0.14,5.43
8253242879,4/13/2016,Wed,1298,96,11,35,0.00,1.31,0.63,4.17
8253242879,4/14/2016,Thu,1362,33,16,29,0.00,0.54,0.99,1.93
8253242879,4/15/2016,Fri,1335,105,0,0,0.00,1.76,0.00,0.00
8253242879,4/16/2016,Sat,1268,115,51,6,0.00,2.45,3.27,0.43
8253242879,4/17/2016,Sun,1237,157,5,41,0.00,2.33,0.15,5.43
8253242879,4/18/2016,Mon,1278,130,16,16,0.00,1.80,0.63,1.04
8253242879,4/19/2016,Tue,1276,164,0,0,0.00,2.78,0.00,0.00
8253242879,4/20/2016,Wed,1201,216,18,5,0.01,3.11,0.82,0.33
8253242879,4/21/2016,Thu,1199,172,20,49,0.00,1.75,0.93,5.88
8253242879,4/22/2016,Fri,1320,120,0,0,0.00,1.87,0.00,0.00
8253242879,4/23/2016,Sat,1193,191,26,30,0.00,3.13,1.04,2.09
8253242879,4/24/2016,Sun,1313,82,4,41,0.00,1.34,0.19,5.60
8253242879,4/25/2016,Mon,1261,118,54,7,0.00,1.77,2.39,0.36
8253242879,4/26/2016,Tue,1299,108,14,19,0.00,1.37,0.49,1.18
8253242879,4/27/2016,Wed,1286,104,5,45,0.00,1.70,0.23,6.24
8253242879,4/28/2016,Thu,1393,20,16,11,0.00,0.34,0.78,0.67
8253242879,4/29/2016,Fri,1257,136,14,16,0.00,2.40,0.54,1.29
8253242879,4/30/2016,Sat,1440,0,0,0,0.00,0.00,0.00,0.00
8378563200,4/12/2016,Tue,723,156,15,65,0.00,4.50,0.71,0.83
8378563200,4/13/2016,Wed,680,169,14,116,0.00,4.21,0.65,4.96
8378563200,4/14/2016,Thu,699,174,21,123,0.00,3.91,1.03,5.62
8378563200,4/15/2016,Fri,729,190,23,60,0.00,5.41,1.15,4.91
8378563200,4/16/2016,Sat,563,142,21,64,0.00,2.44,1.07,5.37
8378563200,4/17/2016,Sun,599,93,0,0,0.00,1.69,0.00,0.00
8378563200,4/18/2016,Mon,720,174,10,117,0.00,5.20,0.56,5.05
8378563200,4/19/2016,Tue,737,154,19,120,0.00,4.18,0.88,5.30
8378563200,4/20/2016,Wed,763,169,8,82,0.00,4.78,0.44,2.23
8378563200,4/21/2016,Thu,677,145,16,137,0.00,4.29,0.82,6.90
8378563200,4/22/2016,Fri,769,159,12,113,0.00,4.18,0.59,4.91
8378563200,4/23/2016,Sat,740,136,10,19,0.00,2.48,0.52,1.52
8378563200,4/24/2016,Sun,734,135,0,0,0.00,2.94,0.00,0.00
8378563200,4/25/2016,Mon,692,141,16,117,0.00,3.92,0.87,5.05
8378563200,4/26/2016,Tue,593,161,18,90,0.00,4.42,0.92,7.51
8378563200,4/27/2016,Wed,676,192,4,4,0.00,5.33,0.18,0.33
8378563200,4/28/2016,Thu,711,139,10,11,0.00,2.91,0.49,0.90
8378563200,4/29/2016,Fri,767,172,7,3,0.00,4.27,0.36,0.25
8378563200,4/30/2016,Sat,780,121,0,0,0.00,2.34,0.00,0.00
8378563200,5/1/2016,Sun,669,127,10,71,0.00,2.47,0.56,6.03
8378563200,5/2/2016,Mon,802,142,4,63,0.00,4.01,0.17,0.63
8378563200,5/3/2016,Tue,822,195,20,71,0.00,4.50,1.06,1.34
8378563200,5/4/2016,Wed,680,167,10,19,0.00,4.20,0.49,1.56
8378563200,5/5/2016,Thu,764,214,3,66,0.00,5.74,0.16,0.89
8378563200,5/6/2016,Fri,831,166,5,74,0.00,3.78,0.25,1.55
8378563200,5/7/2016,Sat,851,158,0,0,0.00,3.54,0.00,0.00
8378563200,5/8/2016,Sun,621,139,0,0,0.00,2.33,0.00,0.00
8378563200,5/9/2016,Mon,772,171,13,71,0.00,4.72,0.66,1.27
8378563200,5/10/2016,Tue,840,152,13,63,0.00,3.92,0.64,0.66
8378563200,5/11/2016,Wed,763,184,10,72,0.00,5.27,0.59,1.39
8378563200,5/12/2016,Thu,433,102,6,8,0.00,2.69,0.27,0.65
8583815059,4/12/2016,Tue,1237,196,7,0,0.00,3.58,0.33,0.00
8583815059,4/13/2016,Wed,1252,163,23,2,0.00,3.23,0.97,0.15
8583815059,4/14/2016,Thu,1306,134,0,0,0.00,2.43,0.00,0.00
8583815059,4/15/2016,Fri,1375,65,0,0,0.00,0.90,0.00,0.00
8583815059,4/16/2016,Sat,1440,0,0,0,0.00,0.00,0.00,0.00
8583815059,4/17/2016,Sun,1440,0,0,0,0.00,0.00,0.00,0.00
8583815059,4/18/2016,Mon,1309,105,22,4,0.00,1.35,1.06,0.31
8583815059,4/19/2016,Tue,1257,166,10,7,0.00,3.44,0.48,0.53
8583815059,4/20/2016,Wed,1246,167,27,0,0.00,3.07,1.04,0.00
8583815059,4/21/2016,Thu,1229,158,18,35,0.00,3.01,1.02,2.63
8583815059,4/22/2016,Fri,1170,212,54,4,0.00,4.08,2.41,0.29
8583815059,4/23/2016,Sat,1151,238,44,7,0.00,4.75,2.03,0.53
8583815059,4/24/2016,Sun,1188,206,44,2,0.00,4.27,2.05,0.15
8583815059,4/25/2016,Mon,1294,122,6,18,0.00,1.81,0.24,1.47
8583815059,4/26/2016,Tue,1134,214,91,1,0.00,3.89,4.22,0.07
8583815059,4/27/2016,Wed,1229,129,5,77,0.00,2.87,0.27,6.60
8583815059,4/28/2016,Thu,1209,203,28,0,0.00,3.61,1.20,0.00
8583815059,4/29/2016,Fri,1069,258,67,46,0.00,4.92,3.00,3.90
8583815059,4/30/2016,Sat,1093,317,28,2,0.00,6.43,1.28,0.15
8583815059,5/1/2016,Sun,1311,117,2,10,0.00,2.04,0.12,0.78
8583815059,5/2/2016,Mon,1440,0,0,0,0.00,0.00,0.00,0.00
8583815059,5/3/2016,Tue,1440,0,0,0,0.00,0.00,0.00,0.00
8583815059,5/4/2016,Wed,1440,0,0,0,0.00,0.00,0.00,0.00
8583815059,5/5/2016,Thu,1370,70,0,0,0.00,1.18,0.00,0.00
8583815059,5/6/2016,Fri,1250,166,22,2,0.00,3.23,1.19,0.14
8583815059,5/7/2016,Sat,1190,250,0,0,0.00,4.77,0.00,0.00
8583815059,5/8/2016,Sun,1183,182,72,3,0.00,3.66,3.31,0.22
8583815059,5/9/2016,Mon,1260,110,4,66,0.00,1.73,0.17,5.76
8583815059,5/10/2016,Tue,1226,162,43,9,0.00,3.72,2.01,0.69
8583815059,5/11/2016,Wed,1106,177,71,5,0.00,3.17,3.24,0.37
8583815059,5/12/2016,Thu,1440,0,0,0,0.00,0.00,0.00,0.00
8792009665,4/12/2016,Tue,831,116,0,0,0.00,1.64,0.00,0.00
8792009665,4/13/2016,Wed,806,82,0,0,0.00,0.84,0.00,0.00
8792009665,4/14/2016,Thu,853,84,0,0,0.00,0.78,0.00,0.00
8792009665,4/15/2016,Fri,937,126,0,0,0.00,1.59,0.00,0.00
8792009665,4/16/2016,Sat,1428,12,0,0,0.00,0.16,0.00,0.00
8792009665,4/17/2016,Sun,1440,0,0,0,0.00,0.00,0.00,0.00
8792009665,4/18/2016,Mon,1440,0,0,0,0.00,0.00,0.00,0.00
8792009665,4/19/2016,Tue,1440,0,0,0,0.00,0.00,0.00,0.00
8792009665,4/20/2016,Wed,744,139,10,0,0.00,1.74,0.28,0.00
8792009665,4/21/2016,Thu,1431,9,0,0,0.00,0.09,0.00,0.00
8792009665,4/22/2016,Fri,817,195,20,1,0.00,2.27,0.28,0.05
8792009665,4/23/2016,Sat,795,232,45,8,0.00,2.75,0.44,0.16
8792009665,4/24/2016,Sun,1410,19,8,3,0.00,0.16,0.05,0.04
8792009665,4/25/2016,Mon,1440,0,0,0,0.00,0.00,0.00,0.00
8792009665,4/26/2016,Tue,1360,80,0,0,0.00,0.85,0.00,0.00
8792009665,4/27/2016,Wed,900,112,0,0,0.00,1.13,0.00,0.00
8792009665,4/28/2016,Thu,714,310,0,0,0.00,3.94,0.00,0.00
8792009665,4/29/2016,Fri,634,380,14,6,0.00,4.93,0.28,0.14
8792009665,4/30/2016,Sat,749,301,20,10,0.00,3.91,0.36,0.33
8792009665,5/1/2016,Sun,834,79,0,0,0.00,1.04,0.00,0.00
8792009665,5/2/2016,Mon,916,101,0,0,0.00,1.17,0.00,0.00
8792009665,5/3/2016,Tue,739,156,0,0,0.00,1.55,0.00,0.00
8792009665,5/4/2016,Wed,848,129,0,0,0.00,1.46,0.00,0.00
8792009665,5/5/2016,Thu,1440,0,0,0,0.00,0.00,0.00,0.00
8792009665,5/6/2016,Fri,1440,0,0,0,0.00,0.00,0.00,0.00
8792009665,5/7/2016,Sat,1440,0,0,0,0.00,0.00,0.00,0.00
8792009665,5/8/2016,Sun,1440,0,0,0,0.00,0.00,0.00,0.00
8792009665,5/9/2016,Mon,1440,0,0,0,0.00,0.00,0.00,0.00
8792009665,5/10/2016,Tue,48,0,0,0,0.00,0.00,0.00,0.00
8877689391,4/12/2016,Tue,1036,312,7,85,0.00,7.82,0.34,12.22
8877689391,4/13/2016,Wed,1098,216,18,108,0.00,5.64,0.38,3.55
8877689391,4/14/2016,Thu,1061,298,13,68,0.02,7.75,0.59,10.55
8877689391,4/15/2016,Fri,1052,281,1,106,0.01,7.01,0.05,0.05
8877689391,4/16/2016,Sat,888,429,29,94,0.00,10.71,1.21,13.24
8877689391,4/17/2016,Sun,1060,307,15,58,0.00,8.79,0.07,0.00
8877689391,4/18/2016,Mon,1215,191,5,29,0.00,5.94,0.27,2.44
8877689391,4/19/2016,Tue,1131,214,13,82,0.00,5.03,0.18,12.15
8877689391,4/20/2016,Wed,1123,225,19,73,0.00,6.34,0.69,11.02
8877689391,4/21/2016,Thu,1119,226,13,82,0.00,4.89,0.42,12.29
8877689391,4/22/2016,Fri,1141,236,2,61,0.05,5.97,0.03,10.23
8877689391,4/23/2016,Sat,1032,300,6,102,0.01,7.40,0.00,0.00
8877689391,4/24/2016,Sun,1148,227,1,64,0.00,4.69,0.01,11.01
8877689391,4/25/2016,Mon,1101,218,8,113,0.01,6.27,0.07,2.37
8877689391,4/26/2016,Tue,1157,258,3,22,0.00,6.50,0.13,1.76
8877689391,4/27/2016,Wed,1104,235,8,93,0.00,7.10,0.44,13.07
8877689391,4/28/2016,Thu,1143,231,8,58,0.00,5.97,0.38,4.93
8877689391,4/29/2016,Fri,1207,210,5,18,0.00,5.79,0.17,1.38
8877689391,4/30/2016,Sat,1089,223,4,124,0.00,4.93,0.08,21.66
8877689391,5/1/2016,Sun,1226,166,12,36,0.00,4.57,0.57,3.13
8877689391,5/2/2016,Mon,1335,105,0,0,0.00,3.56,0.00,0.00
8877689391,5/3/2016,Tue,1189,229,3,19,0.01,6.67,0.10,1.39
8877689391,5/4/2016,Wed,1154,212,8,66,0.00,5.53,0.31,10.42
8877689391,5/5/2016,Thu,1170,188,15,67,0.00,4.37,0.82,5.46
8877689391,5/6/2016,Fri,1095,232,17,96,0.00,6.16,0.29,12.79
8877689391,5/7/2016,Sat,1036,271,28,105,0.00,6.99,0.96,0.08
8877689391,5/8/2016,Sun,1174,245,4,17,0.00,6.80,0.20,1.08
8877689391,5/9/2016,Mon,1131,217,19,73,0.05,6.24,0.80,11.10
8877689391,5/10/2016,Tue,1187,224,11,18,0.00,6.28,0.46,1.35
8877689391,5/11/2016,Wed,1127,213,12,88,0.00,5.89,0.41,13.22
8877689391,5/12/2016,Thu,770,137,1,23,0.00,4.25,0.04,1.82
