"id","date","day_of_week","sedentary_minutes","lightly_active_minutes","fairly_active_minutes","very_active_minutes","sedentary_active_distance","light_active_distance","moderately_active_distance","very_active_distance","calories","total_steps","total_distance","tracker_distance","logged_activities_distance","steps_total"
1503960366,"4/12/2016","Tue",728,328,13,25,0,6.06,0.55,1.88,1985,13162,8.5,8.5,0,13162
1503960366,"4/13/2016","Wed",776,217,19,21,0,4.71,0.69,1.57,1797,10735,6.97,6.97,0,10735
1503960366,"4/14/2016","Thu",1218,181,11,30,0,3.91,0.4,2.44,1776,10460,6.74,6.74,0,10460
1503960366,"4/15/2016","Fri",726,209,34,29,0,2.83,1.26,2.14,1745,9762,6.28,6.28,0,9762
1503960366,"4/16/2016","Sat",773,221,10,36,0,5.04,0.41,2.71,1863,12669,8.16,8.16,0,12669
1503960366,"4/17/2016","Sun",539,164,20,38,0,2.51,0.78,3.19,1728,9705,6.48,6.48,0,9705
1503960366,"4/18/2016","Mon",1149,233,16,42,0,4.71,0.64,3.25,1921,13019,8.59,8.59,0,13019
1503960366,"4/19/2016","Tue",775,264,31,50,0,5.03,1.32,3.53,2035,15506,9.88,9.88,0,15506
1503960366,"4/20/2016","Wed",818,205,12,28,0,4.24,0.48,1.96,1786,10544,6.68,6.68,0,10544
1503960366,"4/21/2016","Thu",838,211,8,19,0,4.65,0.35,1.34,1775,9819,6.34,6.34,0,9819
1503960366,"4/22/2016","Fri",1217,130,27,66,0,2.24,1.12,4.76,1827,12764,8.13,8.13,0,12764
1503960366,"4/23/2016","Sat",732,262,21,41,0,5.36,0.87,2.81,1949,14371,9.04,9.04,0,14371
1503960366,"4/24/2016","Sun",709,238,5,39,0,3.28,0.21,2.92,1788,10039,6.41,6.41,0,10039
1503960366,"4/25/2016","Mon",814,216,14,73,0,3.94,0.57,5.29,2013,15355,9.8,9.8,0,15355
1503960366,"4/26/2016","Tue",833,279,23,31,0,5.54,0.92,2.33,1970,13755,8.79,8.79,0,13755
1503960366,"4/27/2016","Wed",1108,243,11,78,0,5.41,0.41,6.4,2159,18134,12.21,12.21,0,18134
1503960366,"4/28/2016","Thu",782,189,28,48,0,3.79,1.16,3.54,1898,13154,8.53,8.53,0,13154
1503960366,"4/29/2016","Fri",815,243,12,16,0,5.58,0.5,1.06,1837,11181,7.15,7.15,0,11181
1503960366,"4/30/2016","Sat",712,217,34,52,0,4.27,1.42,3.56,1947,14673,9.25,9.25,0,14673
1503960366,"5/1/2016","Sun",730,246,35,33,0,2.92,1.6,2.29,1820,10602,6.81,6.81,0,10602
1503960366,"5/10/2016","Tue",746,214,31,46,0,3.26,1.16,3.35,1859,12207,7.77,7.77,0,12207
1503960366,"5/11/2016","Wed",669,251,23,36,0,4.55,1.01,2.56,1783,12770,8.13,8.13,0,12770
1503960366,"5/12/2016","Thu",1440,0,0,0,0,0,0,0,0,0,0,0,0,0
1503960366,"5/2/2016","Mon",798,277,15,41,0,5.92,0.57,3.21,2004,14727,9.71,9.71,0,14727
1503960366,"5/3/2016","Tue",816,254,24,50,0,4.88,1.05,3.73,1990,15103,9.66,9.66,0,15103
1503960366,"5/4/2016","Wed",1179,203,22,36,0,3.82,0.87,2.46,1819,11100,7.15,7.15,0,11100
1503960366,"5/5/2016","Thu",857,250,24,45,0,4.88,1.08,2.92,1959,14070,8.9,8.9,0,14070
1503960366,"5/6/2016","Fri",754,289,6,24,0,5.81,0.25,1.97,1896,12159,8.03,8.03,0,12159
1503960366,"5/7/2016","Sat",833,175,46,37,0,3.13,2.12,2.46,1821,11992,7.71,7.71,0,11992
1503960366,"5/8/2016","Sun",574,203,8,44,0,2.73,0.32,3.53,1740,10060,6.58,6.58,0,10060
1503960366,"5/9/2016","Mon",835,206,11,46,0,3.74,0.53,3.45,1819,12022,7.72,7.72,0,12022
1624580081,"4/12/2016","Tue",1294,146,0,0,0,5.31,0,0,1432,8163,5.31,5.31,0,8163
1624580081,"4/13/2016","Wed",1292,148,0,0,0,4.55,0,0,1411,7007,4.55,4.55,0,7007
1624580081,"4/14/2016","Thu",1204,236,0,0,0.01,5.91,0,0,1572,9107,5.92,5.92,0,9107
1624580081,"4/15/2016","Fri",1344,96,0,0,0,0.97,0,0,1344,1510,0.98,0.98,0,1510
1624580081,"4/16/2016","Sat",1264,176,0,0,0,3.49,0,0,1463,5370,3.49,3.49,0,5370
1624580081,"4/17/2016","Sun",1276,127,22,15,0.01,1.49,1.52,1.03,1554,6175,4.06,4.06,0,6175
1624580081,"4/18/2016","Mon",1214,202,7,17,0.01,4.62,0.62,2.15,1604,10536,7.41,7.41,0,10536
1624580081,"4/19/2016","Tue",1299,141,0,0,0,1.9,0,0,1435,2916,1.9,1.9,0,2916
1624580081,"4/20/2016","Wed",1289,151,0,0,0,3.23,0,0,1446,4974,3.23,3.23,0,4974
1624580081,"4/21/2016","Thu",1254,186,0,0,0.02,4.11,0,0,1467,6349,4.13,4.13,0,6349
1624580081,"4/22/2016","Fri",1241,199,0,0,0,2.6,0,0,1470,4026,2.62,2.62,0,4026
1624580081,"4/23/2016","Sat",1213,227,0,0,0.01,5.54,0,0,1562,8538,5.55,5.55,0,8538
1624580081,"4/24/2016","Sun",1221,185,18,16,0,1.89,0.91,1.15,1617,6076,3.95,3.95,0,6076
1624580081,"4/25/2016","Mon",1238,202,0,0,0.02,4.2,0,0,1492,6497,4.22,4.22,0,6497
1624580081,"4/26/2016","Tue",1300,140,0,0,0.01,1.83,0,0,1402,2826,1.84,1.84,0,2826
1624580081,"4/27/2016","Wed",1233,154,36,17,0,2.46,1.87,1.11,1670,8367,5.44,5.44,0,8367
1624580081,"4/28/2016","Thu",1320,115,5,0,0,1.6,0.2,0,1401,2759,1.79,1.79,0,2759
1624580081,"4/29/2016","Fri",1290,150,0,0,0,1.55,0,0,1404,2390,1.55,1.55,0,2390
1624580081,"4/30/2016","Sat",1182,224,23,11,0.01,2.12,1.28,0.9,1655,6474,4.3,4.3,0,6474
1624580081,"5/1/2016","Sun",1020,171,63,186,0.02,1.91,4.19,21.92,2690,36019,28.03,28.03,0,36019
1624580081,"5/10/2016","Tue",1301,139,0,0,0.01,1.92,0,0,1393,2969,1.93,1.93,0,2969
1624580081,"5/11/2016","Wed",1328,112,0,0,0,2.04,0,0,1359,3134,2.04,2.04,0,3134
1624580081,"5/12/2016","Thu",890,107,0,0,0.01,1.92,0,0,1002,2971,1.93,1.93,0,2971
1624580081,"5/2/2016","Mon",1261,166,6,7,0,3.47,0.59,0.86,1497,7155,4.93,4.93,0,7155
1624580081,"5/3/2016","Tue",1344,96,0,0,0.02,1.34,0,0,1334,2100,1.37,1.37,0,2100
1624580081,"5/4/2016","Wed",1322,118,0,0,0,1.42,0,0,1368,2193,1.43,1.43,0,2193
1624580081,"5/5/2016","Thu",1323,117,0,0,0.02,1.58,0,0,1370,2470,1.61,1.61,0,2470
1624580081,"5/6/2016","Fri",1338,102,0,0,0.01,1.12,0,0,1341,1727,1.12,1.12,0,1727
1624580081,"5/7/2016","Sat",1258,182,0,0,0,1.37,0,0,1474,2104,1.37,1.37,0,2104
1624580081,"5/8/2016","Sun",1288,152,0,0,0,2.22,0,0,1427,3427,2.23,2.23,0,3427
1624580081,"5/9/2016","Mon",1349,91,0,0,0,1.13,0,0,1328,1732,1.13,1.13,0,1732
1644430081,"4/12/2016","Tue",1131,256,51,2,0,5.33,2.3,0.14,3199,10694,7.77,7.77,0,10694
1644430081,"4/13/2016","Wed",1259,135,16,30,0,2.64,0.9,2.28,2902,8001,5.82,5.82,0,8001
1644430081,"4/14/2016","Thu",1125,252,58,5,0,5.1,2.56,0.36,3226,11037,8.02,8.02,0,11037
1644430081,"4/15/2016","Fri",1263,170,4,3,0,3.45,0.15,0.22,2750,5263,3.83,3.83,0,5263
1644430081,"4/16/2016","Sat",1135,212,42,51,0,5.09,1.88,4.1,3493,15300,11.12,11.12,0,15300
1644430081,"4/17/2016","Sun",1212,186,13,29,0,3.55,0.57,2.25,3011,8757,6.37,6.37,0,8757
1644430081,"4/18/2016","Mon",1271,121,33,15,0,2.45,1.67,1.07,2806,7132,5.19,5.19,0,7132
1644430081,"4/19/2016","Tue",1099,278,58,5,0,5.3,2.53,0.36,3300,11256,8.18,8.18,0,11256
1644430081,"4/20/2016","Wed",1315,125,0,0,0.01,1.76,0,0,2430,2436,1.77,1.77,0,2436
1644430081,"4/21/2016","Thu",1402,38,0,0,0.01,0.88,0,0,2140,1223,0.89,0.89,0,1223
1644430081,"4/22/2016","Fri",1354,86,0,0,0.01,2.66,0,0,2344,3673,2.67,2.67,0,3673
1644430081,"4/23/2016","Sat",1265,160,15,0,0,4.25,0.58,0,2677,6637,4.83,4.83,0,6637
1644430081,"4/24/2016","Sun",1351,89,0,0,0,2.41,0,0,2413,3321,2.41,2.41,0,3321
1644430081,"4/25/2016","Mon",1337,94,1,8,0,1.95,0.06,0.59,2497,3580,2.6,2.6,0,3580
1644430081,"4/26/2016","Tue",1165,223,41,11,0,4.69,1.72,0.8,3123,9919,7.21,7.21,0,9919
1644430081,"4/27/2016","Wed",1322,118,0,0,0,2.2,0,0,2489,3032,2.2,2.2,0,3032
1644430081,"4/28/2016","Thu",1157,227,53,3,0,4.31,2.32,0.2,3108,9405,6.84,6.84,0,9405
1644430081,"4/29/2016","Fri",1193,120,0,0,0,2.31,0,0,2498,3176,2.31,2.31,0,3176
1644430081,"4/30/2016","Sat",816,402,71,9,0,9.46,3.14,0.63,3846,18213,13.24,13.24,0,18213
1644430081,"5/1/2016","Sun",908,146,24,3,0,3.23,0.99,0.24,2696,6132,4.46,4.46,0,6132
1644430081,"5/10/2016","Tue",1254,155,19,12,0.01,4.97,0.81,0.88,2799,9167,6.66,6.66,0,9167
1644430081,"5/11/2016","Wed",713,49,0,0,0.01,0.95,0,0,1276,1329,0.97,0.97,0,1329
1644430081,"5/2/2016","Mon",682,148,7,1,0,2.35,0.31,0.07,2580,3758,2.73,2.73,0,3758
1644430081,"5/3/2016","Tue",1115,221,94,10,0,4.54,4.09,0.72,3324,12850,9.34,9.34,0,12850
1644430081,"5/4/2016","Wed",1388,52,0,0,0.02,1.66,0,0,2222,2309,1.68,1.68,0,2309
1644430081,"5/5/2016","Thu",1341,81,12,6,0.01,2.13,0.54,0.52,2463,4363,3.19,3.19,0,4363
1644430081,"5/6/2016","Fri",1054,369,6,11,0.02,6.01,0.27,0.82,3328,9787,7.12,7.12,0,9787
1644430081,"5/7/2016","Sat",1139,243,17,41,0.01,5.67,0.79,3.26,3404,13372,9.72,9.72,0,13372
1644430081,"5/8/2016","Sun",991,295,0,0,0,4.88,0,0,2987,6724,4.89,4.89,0,6724
1644430081,"5/9/2016","Mon",1099,303,6,32,0.01,2.09,0.35,2.39,3008,6643,4.83,4.83,0,6643
1844505072,"4/12/2016","Tue",1101,339,0,0,0,4.43,0,0,2030,6697,4.43,4.43,0,6697
1844505072,"4/13/2016","Wed",1192,248,0,0,0,3.26,0,0,1860,4929,3.26,3.26,0,4929
1844505072,"4/14/2016","Thu",843,373,0,0,0,5.23,0,0,2130,7937,5.25,5.25,0,7937
1844505072,"4/15/2016","Fri",527,176,0,0,0,2.54,0,0,1725,3844,2.54,2.54,0,3844
1844505072,"4/16/2016","Sat",1293,147,0,0,0,2.26,0,0,1657,3414,2.26,2.26,0,3414
1844505072,"4/17/2016","Sun",1231,199,8,2,0,2.59,0.26,0.14,1793,4525,2.99,2.99,0,4525
1844505072,"4/18/2016","Mon",1211,217,12,0,0,2.56,0.48,0,1814,4597,3.04,3.04,0,4597
1844505072,"4/19/2016","Tue",1430,10,0,0,0,0.13,0,0,1366,197,0.13,0.13,0,197
1844505072,"4/20/2016","Wed",1439,1,0,0,0,0.01,0,0,1349,8,0.01,0.01,0,8
1844505072,"4/21/2016","Thu",1117,308,13,2,0,4.68,0.52,0.12,2062,8054,5.32,5.32,0,8054
1844505072,"4/22/2016","Fri",1220,220,0,0,0,3.55,0,0,1827,5372,3.55,3.55,0,5372
1844505072,"4/23/2016","Sat",1301,139,0,0,0,2.36,0,0,1645,3570,2.36,2.36,0,3570
1844505072,"4/24/2016","Sun",1440,0,0,0,0,0,0,0,1347,0,0,0,0,0
1844505072,"4/25/2016","Mon",1440,0,0,0,0,0,0,0,1347,0,0,0,0,0
1844505072,"4/26/2016","Tue",1440,0,0,0,0,0,0,0,1347,0,0,0,0,0
1844505072,"4/27/2016","Wed",1439,1,0,0,0,0,0,0,1348,4,0,0,0,4
1844505072,"4/28/2016","Thu",1138,302,0,0,0,4.56,0,0,1992,6907,4.57,4.57,0,6907
1844505072,"4/29/2016","Fri",1082,247,0,0,0,3.25,0,0,1856,4920,3.25,3.25,0,4920
1844505072,"4/30/2016","Sat",218,184,0,0,0,2.65,0,0,1763,4014,2.67,2.67,0,4014
1844505072,"5/1/2016","Sun",585,75,7,0,0,1.45,0.26,0,1541,2573,1.7,1.7,0,2573
1844505072,"5/10/2016","Tue",1440,0,0,0,0,0,0,0,1347,0,0,0,0,0
1844505072,"5/11/2016","Wed",1440,0,0,0,0,0,0,0,1347,0,0,0,0,0
1844505072,"5/12/2016","Thu",711,0,0,0,0,0,0,0,665,0,0,0,0,0
1844505072,"5/2/2016","Mon",1440,0,0,0,0,0,0,0,1348,0,0,0,0,0
1844505072,"5/3/2016","Tue",1256,184,0,0,0,2.68,0,0,1742,4059,2.68,2.68,0,4059
1844505072,"5/4/2016","Wed",1353,87,0,0,0,1.37,0,0,1549,2080,1.37,1.37,0,2080
1844505072,"5/5/2016","Thu",1320,120,0,0,0,1.48,0,0,1589,2237,1.48,1.48,0,2237
1844505072,"5/6/2016","Fri",1438,2,0,0,0,0.03,0,0,1351,44,0.03,0.03,0,44
1844505072,"5/7/2016","Sat",1440,0,0,0,0,0,0,0,1347,0,0,0,0,0
1844505072,"5/8/2016","Sun",1440,0,0,0,0,0,0,0,1347,0,0,0,0,0
1844505072,"5/9/2016","Mon",1440,0,0,0,0,0,0,0,1347,0,0,0,0,0
1927972279,"4/12/2016","Tue",734,55,0,0,0,0.47,0,0,2220,678,0.47,0.47,0,678
1927972279,"4/13/2016","Wed",986,32,0,0,0,0.25,0,0,2151,356,0.25,0.25,0,356
1927972279,"4/14/2016","Thu",1292,88,9,0,0,1.1,0.4,0,2383,2163,1.5,1.5,0,2163
1927972279,"4/15/2016","Fri",941,51,0,0,0,0.68,0,0,2221,980,0.68,0.68,0,980
1927972279,"4/16/2016","Sat",1440,0,0,0,0,0,0,0,2064,0,0,0,0,0
1927972279,"4/17/2016","Sun",1440,0,0,0,0,0,0,0,2063,0,0,0,0,0
1927972279,"4/18/2016","Mon",1423,17,0,0,0,0.17,0,0,2111,244,0.17,0.17,0,244
1927972279,"4/19/2016","Tue",1440,0,0,0,0,0,0,0,2063,0,0,0,0,0
1927972279,"4/20/2016","Wed",1440,0,0,0,0,0,0,0,2063,0,0,0,0,0
1927972279,"4/21/2016","Thu",1440,0,0,0,0,0,0,0,2064,0,0,0,0,0
1927972279,"4/22/2016","Fri",1430,10,0,0,0,0.1,0,0,2093,149,0.1,0.1,0,149
1927972279,"4/23/2016","Sat",1295,145,0,0,0,2.04,0,0,2499,2945,2.04,2.04,0,2945
1927972279,"4/24/2016","Sun",1358,75,6,1,0,1.14,0.24,0.07,2324,2090,1.45,1.45,0,2090
1927972279,"4/25/2016","Mon",1303,12,0,0,0,0.11,0,0,2100,152,0.11,0.11,0,152
1927972279,"4/26/2016","Tue",1058,192,0,0,0,2.6,0,0,2638,3761,2.6,2.6,0,3761
1927972279,"4/27/2016","Wed",1440,0,0,0,0,0,0,0,2063,0,0,0,0,0
1927972279,"4/28/2016","Thu",1167,95,0,0,0,1.16,0,0,2351,1675,1.16,1.16,0,1675
1927972279,"4/29/2016","Fri",1440,0,0,0,0,0,0,0,2063,0,0,0,0,0
1927972279,"4/30/2016","Sat",1440,0,0,0,0,0,0,0,2064,0,0,0,0,0
1927972279,"5/1/2016","Sun",1355,70,1,14,0,0.83,0.03,1.01,2411,2704,1.87,1.87,0,2704
1927972279,"5/10/2016","Tue",1440,0,0,0,0,0,0,0,2063,0,0,0,0,0
1927972279,"5/11/2016","Wed",1440,0,0,0,0,0,0,0,2063,0,0,0,0,0
1927972279,"5/12/2016","Thu",966,0,0,0,0,0,0,0,1383,0,0,0,0,0
1927972279,"5/2/2016","Mon",1322,94,8,16,0,1.16,0.3,1.16,2505,3790,2.62,2.62,0,3790
1927972279,"5/3/2016","Tue",1413,17,0,10,0,0.18,0,0.73,2195,1326,0.92,0.92,0,1326
1927972279,"5/4/2016","Wed",1353,87,0,0,0,1.24,0,0,2338,1786,1.24,1.24,0,1786
1927972279,"5/5/2016","Thu",1440,0,0,0,0,0,0,0,2063,0,0,0,0,0
1927972279,"5/6/2016","Fri",1332,108,0,0,0,1.45,0,0,2383,2091,1.45,1.45,0,2091
1927972279,"5/7/2016","Sat",1392,48,0,0,0,1.04,0,0,2229,1510,1.04,1.04,0,1510
1927972279,"5/8/2016","Sun",1440,0,0,0,0,0,0,0,2063,0,0,0,0,0
1927972279,"5/9/2016","Mon",1440,0,0,0,0,0,0,0,2063,0,0,0,0,0
2022484408,"4/12/2016","Tue",1157,227,14,42,0,4.26,0.77,3.31,2390,11875,8.34,8.34,0,11875
2022484408,"4/13/2016","Wed",1100,292,5,43,0,5.41,0.1,2.99,2601,12024,8.5,8.5,0,12024
2022484408,"4/14/2016","Thu",1148,257,3,32,0,4.82,0.21,2.48,2312,10690,7.5,7.5,0,10690
2022484408,"4/15/2016","Fri",1122,282,9,27,0,5.78,0.31,1.94,2525,11034,8.03,8.03,0,11034
2022484408,"4/16/2016","Sat",1237,151,11,41,0,3.39,0.55,3.15,2177,10100,7.09,7.09,0,10100
2022484408,"4/17/2016","Sun",1052,331,29,28,0,6.88,0.66,3.87,2782,15112,11.4,11.4,0,15112
2022484408,"4/18/2016","Mon",1078,311,3,48,0,6.3,0.12,3.64,2770,14131,10.07,10.07,0,14131
2022484408,"4/19/2016","Tue",1152,250,7,31,0,5,0.24,3.29,2489,11548,8.53,8.53,0,11548
2022484408,"4/20/2016","Wed",1053,276,63,48,0,5.4,1.93,3.34,2897,15112,10.67,10.67,0,15112
2022484408,"4/21/2016","Thu",1028,255,53,104,0,4.31,1.11,3.33,3158,12453,8.74,8.74,0,12453
2022484408,"4/22/2016","Fri",1105,273,10,52,0,4.47,0.42,4.43,2638,12954,9.33,9.33,0,12954
2022484408,"4/23/2016","Sat",1191,249,0,0,0,4.21,0,0,2069,6001,4.21,4.21,0,6001
2022484408,"4/24/2016","Sun",1161,216,26,37,0,4.58,1.15,4.55,2529,13481,10.28,10.28,0,13481
2022484408,"4/25/2016","Mon",1171,217,8,44,0,4.46,0.22,3.33,2470,11369,8.01,8.01,0,11369
2022484408,"4/26/2016","Tue",1086,275,24,55,0,5.11,0.66,1.43,2793,10119,7.19,7.19,0,10119
2022484408,"4/27/2016","Wed",1119,282,20,19,0,5.12,0.97,1.04,2463,10159,7.13,7.13,0,10159
2022484408,"4/28/2016","Thu",1123,291,20,6,0,5.39,1.33,0.41,2296,10140,7.12,7.12,0,10140
2022484408,"4/29/2016","Fri",1098,281,40,21,0,5.5,1.21,0.48,2611,10245,7.19,7.19,0,10245
2022484408,"4/30/2016","Sat",1043,361,23,13,0,10.57,1.4,0.94,2732,18387,12.91,12.91,0,18387
2022484408,"5/1/2016","Sun",1142,245,28,25,0,4.5,0.96,1.94,2380,10538,7.4,7.4,0,10538
2022484408,"5/10/2016","Tue",1084,271,28,57,0,5.56,1.21,2.22,2797,12798,8.98,8.98,0,12798
2022484408,"5/11/2016","Wed",1133,224,25,58,0,3.99,1.15,4.18,2544,13272,9.32,9.32,0,13272
2022484408,"5/12/2016","Thu",728,236,16,16,0,4.44,0.67,1.28,1853,9117,6.41,6.41,0,9117
2022484408,"5/2/2016","Mon",1119,277,8,36,0,4.33,0.34,2.61,2473,10379,7.29,7.29,0,10379
2022484408,"5/3/2016","Tue",1104,250,14,72,0,4.28,0.46,3.99,2752,12183,8.74,8.74,0,12183
2022484408,"5/4/2016","Wed",1105,272,27,36,0,4.85,0.93,2.51,2649,11768,8.29,8.29,0,11768
2022484408,"5/5/2016","Thu",1112,253,20,55,0,4.7,0.86,2.79,2609,11895,8.35,8.35,0,11895
2022484408,"5/6/2016","Fri",1104,295,17,24,0,4.64,0.67,1.87,2498,10227,7.18,7.18,0,10227
2022484408,"5/7/2016","Sat",1269,149,2,20,0,3.02,0.08,1.61,1995,6708,4.71,4.71,0,6708
2022484408,"5/8/2016","Sun",1305,135,0,0,0,2.31,0,0,1848,3292,2.31,2.31,0,3292
2022484408,"5/9/2016","Mon",1061,297,47,35,0,5.64,1.63,2.12,2709,13379,9.39,9.39,0,13379
2026352035,"4/12/2016","Tue",706,181,8,3,0,2.2,0.35,0.19,1459,4414,2.74,2.74,0,4414
2026352035,"4/13/2016","Wed",663,238,0,0,0,3.1,0,0,1521,4993,3.1,3.1,0,4993
2026352035,"4/14/2016","Thu",653,197,0,0,0,2.05,0,0,1431,3335,2.07,2.07,0,3335
2026352035,"4/15/2016","Fri",687,188,0,0,0,2.37,0,0,1444,3821,2.37,2.37,0,3821
2026352035,"4/16/2016","Sat",728,150,0,0,0,1.58,0,0,1373,2547,1.58,1.58,0,2547
2026352035,"4/17/2016","Sun",1053,60,0,0,0,0.52,0,0,1214,838,0.52,0.52,0,838
2026352035,"4/18/2016","Mon",1062,182,0,0,0,2.06,0,0,1419,3325,2.06,2.06,0,3325
2026352035,"4/19/2016","Tue",785,141,0,0,0,1.5,0,0,1356,2424,1.5,1.5,0,2424
2026352035,"4/20/2016","Wed",623,327,0,0,0,4.48,0,0,1667,7222,4.48,4.48,0,7222
2026352035,"4/21/2016","Thu",749,153,0,0,0,1.53,0,0,1370,2467,1.53,1.53,0,2467
2026352035,"4/22/2016","Fri",712,162,0,0,0,1.81,0,0,1399,2915,1.81,1.81,0,2915
2026352035,"4/23/2016","Sat",458,432,0,0,0,7.71,0,0,1916,12357,7.71,7.71,0,12357
2026352035,"4/24/2016","Sun",704,164,0,0,0,2.16,0,0,1401,3490,2.16,2.16,0,3490
2026352035,"4/25/2016","Mon",821,260,0,0,0,3.73,0,0,1576,6017,3.73,3.73,0,6017
2026352035,"4/26/2016","Tue",1018,288,0,0,0,3.68,0,0,1595,5933,3.68,3.68,0,5933
2026352035,"4/27/2016","Wed",586,286,0,0,0,3.77,0,0,1593,6088,3.77,3.77,0,6088
2026352035,"4/28/2016","Thu",626,331,0,0,0,3.95,0,0,1649,6375,3.95,3.95,0,6375
2026352035,"4/29/2016","Fri",492,352,0,0,0,4.71,0,0,1692,7604,4.71,4.71,0,7604
2026352035,"4/30/2016","Sat",594,233,0,0,0,2.93,0,0,1506,4729,2.93,2.93,0,4729
2026352035,"5/1/2016","Sun",716,191,0,0,0,2.28,0,0,1447,3609,2.28,2.28,0,3609
2026352035,"5/10/2016","Tue",1002,17,0,0,0,0.16,0,0,1141,254,0.16,0.16,0,254
2026352035,"5/11/2016","Wed",569,330,0,0,0,5.32,0,0,1698,8580,5.32,5.32,0,8580
2026352035,"5/12/2016","Thu",330,343,0,0,0,5.51,0,0,1364,8891,5.51,5.51,0,8891
2026352035,"5/2/2016","Mon",716,355,0,0,0,4.35,0,0,1690,7018,4.35,4.35,0,7018
2026352035,"5/3/2016","Tue",981,304,0,0,0,3.72,0,0,1604,5992,3.72,3.72,0,5992
2026352035,"5/4/2016","Wed",530,345,0,0,0,4.07,0,0,1658,6564,4.07,4.07,0,6564
2026352035,"5/5/2016","Thu",479,475,0,0,0,7.54,0,0,1926,12167,7.54,7.54,0,12167
2026352035,"5/6/2016","Fri",511,383,0,0,0,5.08,0,0,1736,8198,5.08,5.08,0,8198
2026352035,"5/7/2016","Sat",665,229,0,0,0,2.6,0,0,1491,4193,2.6,2.6,0,4193
2026352035,"5/8/2016","Sun",610,258,0,0,0,3.45,0,0,1555,5528,3.45,3.45,0,5528
2026352035,"5/9/2016","Mon",543,401,0,0,0,6.6,0,0,1869,10685,6.62,6.62,0,10685
2320127002,"4/12/2016","Tue",1112,306,9,13,0,6.01,0.31,1.17,2124,10725,7.49,7.49,0,10725
2320127002,"4/13/2016","Wed",1105,335,0,0,0,4.9,0,0,2003,7275,4.9,4.9,0,7275
2320127002,"4/14/2016","Thu",1249,191,0,0,0,2.68,0,0,1696,3973,2.68,2.68,0,3973
2320127002,"4/15/2016","Fri",1195,245,0,0,0,3.51,0,0,1801,5205,3.51,3.51,0,5205
2320127002,"4/16/2016","Sat",1245,195,0,0,0,3.4,0,0,1724,5057,3.41,3.41,0,5057
2320127002,"4/17/2016","Sun",1191,249,0,0,0,4.18,0,0,1852,6198,4.18,4.18,0,6198
2320127002,"4/18/2016","Mon",1173,260,7,0,0,4.14,0.26,0,1905,6559,4.42,4.42,0,6559
2320127002,"4/19/2016","Tue",1201,228,11,0,0,3.66,0.38,0,1811,5997,4.04,4.04,0,5997
2320127002,"4/20/2016","Wed",1146,283,11,0,0,4.34,0.49,0,1922,7192,4.85,4.85,0,7192
2320127002,"4/21/2016","Thu",1302,127,10,1,0,1.81,0.42,0.06,1610,3404,2.29,2.29,0,3404
2320127002,"4/22/2016","Fri",1174,266,0,0,0,3.76,0,0,1851,5583,3.76,3.76,0,5583
2320127002,"4/23/2016","Sat",1129,242,0,0,0,3.42,0,0,1804,5079,3.42,3.42,0,5079
2320127002,"4/24/2016","Sun",1236,204,0,0,0,2.8,0,0,1725,4165,2.81,2.81,0,4165
2320127002,"4/25/2016","Mon",1280,152,5,3,0,1.99,0.2,0.23,1654,3588,2.42,2.42,0,3588
2320127002,"4/26/2016","Tue",1293,147,0,0,0,2.3,0,0,1632,3409,2.3,2.3,0,3409
2320127002,"4/27/2016","Wed",1358,82,0,0,0,1.16,0,0,1481,1715,1.16,1.16,0,1715
2320127002,"4/28/2016","Thu",1364,76,0,0,0,1.03,0,0,1473,1532,1.03,1.03,0,1532
2320127002,"4/29/2016","Fri",1395,45,0,0,0,0.62,0,0,1410,924,0.62,0.62,0,924
2320127002,"4/30/2016","Sat",1206,234,0,0,0,3.07,0,0,1779,4571,3.08,3.08,0,4571
2320127002,"5/1/2016","Sun",1400,40,0,0,0,0.52,0,0,1403,772,0.52,0.52,0,772
2320127002,"5/10/2016","Tue",1150,290,0,0,0,4.2,0,0,1899,6227,4.2,4.2,0,6227
2320127002,"5/11/2016","Wed",1140,300,0,0,0,4.33,0,0,1903,6424,4.33,4.33,0,6424
2320127002,"5/12/2016","Thu",830,128,0,0,0,1.79,0,0,1125,2661,1.79,1.79,0,2661
2320127002,"5/2/2016","Mon",1306,123,6,5,0,1.88,0.21,0.36,1613,3634,2.45,2.45,0,3634
2320127002,"5/3/2016","Tue",1204,206,10,20,0,3.16,0.37,1.49,1878,7443,5.02,5.02,0,7443
2320127002,"5/4/2016","Wed",1388,52,0,0,0,0.81,0,0,1426,1201,0.81,0.81,0,1201
2320127002,"5/5/2016","Thu",1206,223,11,0,0,3.11,0.39,0,1780,5202,3.51,3.51,0,5202
2320127002,"5/6/2016","Fri",1236,204,0,0,0,3.29,0,0,1742,4878,3.29,3.29,0,4878
2320127002,"5/7/2016","Sat",1121,319,0,0,0,4.97,0,0,1972,7379,4.97,4.97,0,7379
2320127002,"5/8/2016","Sun",1193,247,0,0,0,3.47,0,0,1821,5161,3.48,3.48,0,5161
2320127002,"5/9/2016","Mon",1295,145,0,0,0,2.08,0,0,1630,3090,2.08,2.08,0,3090
2347167796,"4/12/2016","Tue",964,320,13,28,0,4.2,0.62,2,2344,10113,6.83,6.83,0,10113
2347167796,"4/13/2016","Wed",676,195,32,19,0,3.41,1.94,1.66,2038,10352,7.01,7.01,0,10352
2347167796,"4/14/2016","Thu",705,206,48,1,0,3.94,2.74,0.02,2010,10129,6.7,6.7,0,10129
2347167796,"4/15/2016","Fri",720,284,24,1,0,5.43,1.42,0.07,2133,10465,6.92,6.92,0,10465
2347167796,"4/16/2016","Sat",968,268,72,66,0,5.53,4.1,5.45,2670,22244,15.08,15.08,0,22244
2347167796,"4/17/2016","Sun",508,249,7,1,0,3.26,0.28,0.08,1882,5472,3.62,3.62,0,5472
2347167796,"4/18/2016","Mon",678,206,16,11,0,3.79,0.86,0.79,1944,8247,5.45,5.45,0,8247
2347167796,"4/19/2016","Tue",648,382,7,0,0,4.44,0,0,2346,6711,4.44,4.44,0,6711
2347167796,"4/20/2016","Wed",1011,269,43,11,0,4.78,1.81,0.68,2198,10999,7.27,7.27,0,10999
2347167796,"4/21/2016","Thu",761,208,26,23,0,3.38,1.53,1.85,2048,10080,6.75,6.75,0,10080
2347167796,"4/22/2016","Fri",781,206,27,9,0,2.92,1.68,0.56,1946,7804,5.16,5.16,0,7804
2347167796,"4/23/2016","Sat",591,360,35,32,0,7.15,1.45,2.78,2629,16901,11.37,11.37,0,16901
2347167796,"4/24/2016","Sun",584,360,0,0,0,6.26,0,0,2187,9471,6.26,6.26,0,9471
2347167796,"4/25/2016","Mon",653,277,11,15,0,4.6,0.52,1.27,2095,9482,6.38,6.38,0,9482
2347167796,"4/26/2016","Tue",732,227,0,0,0,3.95,0,0,1861,5980,3.95,3.95,0,5980
2347167796,"4/27/2016","Wed",623,295,9,26,0,5.32,0.4,1.86,2194,11423,7.58,7.58,0,11423
2347167796,"4/28/2016","Thu",764,229,0,0,0,3.6,0,0,1854,5439,3.6,3.6,0,5439
2347167796,"4/29/2016","Fri",2,4,0,0,0,0.03,0,0,403,42,0.03,0.03,0,42
2873212765,"4/12/2016","Tue",1061,356,21,2,0,4.88,0.93,0.11,1982,8796,5.91,5.91,0,8796
2873212765,"4/13/2016","Wed",1028,404,8,0,0.02,4.88,0.22,0,2004,7618,5.12,5.12,0,7618
2873212765,"4/14/2016","Thu",1109,331,0,0,0,5.32,0,0,1893,7910,5.32,5.32,0,7910
2873212765,"4/15/2016","Fri",992,448,0,0,0.01,5.69,0,0,2063,8482,5.7,5.7,0,8482
2873212765,"4/16/2016","Sat",1087,305,1,47,0.01,3.51,0.02,3.11,2148,9685,6.65,6.65,0,9685
2873212765,"4/17/2016","Sun",1272,160,8,0,0,1.34,0.35,0,1529,2524,1.7,1.7,0,2524
2873212765,"4/18/2016","Mon",1122,311,6,1,0,4.89,0.28,0.07,1890,7762,5.24,5.24,0,7762
2873212765,"4/19/2016","Tue",1051,389,0,0,0,5.36,0,0,1956,7948,5.37,5.37,0,7948
2873212765,"4/20/2016","Wed",1035,378,5,22,0.01,4.66,0.12,1.51,2094,9202,6.3,6.3,0,9202
2873212765,"4/21/2016","Thu",1057,371,10,2,0.01,5.47,0.37,0.13,1970,8859,5.98,5.98,0,8859
2873212765,"4/22/2016","Fri",1028,366,0,46,0.02,4.42,0,0.46,2241,7286,4.9,4.9,0,7286
2873212765,"4/23/2016","Sat",1077,330,5,28,0.01,4.02,0.23,2.09,2021,9317,6.35,6.35,0,9317
2873212765,"4/24/2016","Sun",1203,190,1,46,0,1.62,0.06,3,1898,6873,4.68,4.68,0,6873
2873212765,"4/25/2016","Mon",1081,359,0,0,0,4.95,0,0,1907,7373,4.95,4.95,0,7373
2873212765,"4/26/2016","Tue",1124,309,5,2,0,5.24,0.18,0.12,1882,8242,5.54,5.54,0,8242
2873212765,"4/27/2016","Wed",1197,197,0,46,0,2.36,0,0,1966,3516,2.36,2.36,0,3516
2873212765,"4/28/2016","Thu",1192,213,7,28,0,2.91,0.34,2.16,1835,7913,5.41,5.41,0,7913
2873212765,"4/29/2016","Fri",1191,206,23,20,0,2.18,1.41,1.36,1780,7365,4.95,4.95,0,7365
2873212765,"4/30/2016","Sat",1167,248,20,5,0.01,4.26,1.08,0.33,1830,8452,5.68,5.68,0,8452
2873212765,"5/1/2016","Sun",1219,196,18,7,0,3.44,1.04,0.49,1739,7399,4.97,4.97,0,7399
2873212765,"5/10/2016","Tue",1067,373,0,0,0.01,5.55,0,0,1962,8275,5.56,5.56,0,8275
2873212765,"5/11/2016","Wed",1121,319,0,0,0.01,4.32,0,0,1826,6440,4.33,4.33,0,6440
2873212765,"5/12/2016","Thu",720,268,0,0,0,5.11,0,0,1431,7566,5.11,5.11,0,7566
2873212765,"5/2/2016","Mon",1099,334,7,0,0.02,4.83,0.21,0,1878,7525,5.06,5.06,0,7525
2873212765,"5/3/2016","Tue",1070,363,6,1,0.01,4.66,0.25,0.06,1906,7412,4.98,4.98,0,7412
2873212765,"5/4/2016","Wed",1020,420,0,0,0,5.56,0,0,2015,8278,5.56,5.56,0,8278
2873212765,"5/5/2016","Thu",1093,311,23,13,0,4.03,0.8,0.78,1971,8314,5.61,5.61,0,8314
2873212765,"5/6/2016","Fri",1065,370,5,0,0.01,4.61,0.12,0,1910,7063,4.75,4.75,0,7063
2873212765,"5/7/2016","Sat",1302,52,11,75,0,0.55,0.55,2.28,1897,4940,3.38,3.38,0,4940
2873212765,"5/8/2016","Sun",1068,326,0,46,0,2.64,0,2.9,2096,8168,5.54,5.54,0,8168
2873212765,"5/9/2016","Mon",1095,345,0,0,0,5.19,0,0,1906,7726,5.19,5.19,0,7726
3372868164,"4/12/2016","Tue",1160,280,0,0,0.01,3.23,0,0,1788,4747,3.24,3.24,0,4747
3372868164,"4/13/2016","Wed",1045,371,8,16,0.02,5.27,0.34,0.99,2093,9715,6.63,6.63,0,9715
3372868164,"4/14/2016","Thu",1039,370,25,6,0.01,4.65,1.03,0.34,2065,8844,6.03,6.03,0,8844
3372868164,"4/15/2016","Fri",1105,335,0,0,0.02,5.06,0,0,1908,7451,5.08,5.08,0,7451
3372868164,"4/16/2016","Sat",1084,356,0,0,0.03,4.7,0,0,1908,6905,4.73,4.73,0,6905
3372868164,"4/17/2016","Sun",1105,322,2,11,0.01,4.36,0.1,1.41,1964,8199,5.88,5.88,0,8199
3372868164,"4/18/2016","Mon",1070,343,7,20,0,3.35,0.2,1.08,2014,6798,4.64,4.64,0,6798
3372868164,"4/19/2016","Tue",1064,376,0,0,0.02,5.24,0,0,1985,7711,5.26,5.26,0,7711
3372868164,"4/20/2016","Wed",1148,274,3,15,0.02,2.38,0.09,0.84,1867,4880,3.33,3.33,0,4880
3372868164,"4/21/2016","Thu",1037,376,9,18,0.01,4.64,0.26,1.15,2124,8857,6.07,6.07,0,8857
3372868164,"4/22/2016","Fri",1234,206,0,0,0.01,2.61,0,0,1669,3843,2.62,2.62,0,3843
3372868164,"4/23/2016","Sat",1115,303,2,20,0,3.58,0.08,1.4,1995,7396,5.07,5.07,0,7396
3372868164,"4/24/2016","Sun",1127,292,7,14,0.02,3.49,0.19,0.89,1921,6731,4.59,4.59,0,6731
3372868164,"4/25/2016","Mon",1024,416,0,0,0,4.09,0,0,2010,5995,4.09,4.09,0,5995
3372868164,"4/26/2016","Tue",1083,333,2,22,0.01,3.87,0.05,1.85,2057,8283,5.79,5.79,0,8283
3372868164,"4/27/2016","Wed",1057,346,13,24,0.01,3.19,0.63,1.58,2095,7904,5.42,5.42,0,7904
3372868164,"4/28/2016","Thu",1055,385,0,0,0,3.76,0,0,1972,5512,3.76,3.76,0,5512
3372868164,"4/29/2016","Fri",1038,402,0,0,0.01,6.22,0,0,2044,9135,6.23,6.23,0,9135
3372868164,"4/30/2016","Sat",1119,300,4,17,0.01,2.42,0.09,1.06,1946,5250,3.58,3.58,0,5250
3372868164,"5/1/2016","Sun",842,172,0,0,0,2.09,0,0,1237,3077,2.1,2.1,0,3077
3977333714,"4/12/2016","Tue",777,131,19,44,0,2.01,0.91,3.06,1450,8856,5.98,5.98,0,8856
3977333714,"4/13/2016","Wed",754,153,46,31,0,2.55,2.13,2.03,1495,10035,6.71,6.71,0,10035
3977333714,"4/14/2016","Thu",801,214,23,5,0,3.82,0.97,0.32,1433,7641,5.11,5.11,0,7641
3977333714,"4/15/2016","Fri",644,183,42,15,0,3.26,1.75,1.05,1468,9010,6.06,6.06,0,9010
3977333714,"4/16/2016","Sat",663,153,83,31,0,2.97,4,2.03,1625,13459,9,9,0,13459
3977333714,"4/17/2016","Sun",600,205,58,11,0,3.92,2.35,0.7,1529,10415,6.97,6.97,0,10415
3977333714,"4/18/2016","Mon",605,214,95,4,0,3.82,3.73,0.25,1584,11663,7.8,7.8,0,11663
3977333714,"4/19/2016","Tue",738,221,67,19,0,3.96,2.45,2.24,1638,12414,8.78,8.78,0,12414
3977333714,"4/20/2016","Wed",845,164,98,2,0,3.28,4.35,0.2,1554,11658,7.83,7.83,0,11658
3977333714,"4/21/2016","Thu",712,242,0,0,0,4.06,0,0,1397,6093,4.08,4.08,0,6093
3977333714,"4/22/2016","Fri",731,188,12,33,0,3.06,0.58,2.33,1481,8911,5.96,5.96,0,8911
3977333714,"4/23/2016","Sat",724,252,92,0,0,3.85,4.22,0,1638,12058,8.07,8.07,0,12058
3977333714,"4/24/2016","Sun",660,129,95,30,0,2.17,4.56,3.27,1655,14112,10,10,0,14112
3977333714,"4/25/2016","Mon",781,133,9,50,0,2.41,0.43,5.62,1570,11177,8.48,8.48,0,11177
3977333714,"4/26/2016","Tue",797,170,95,7,0,2.95,4.22,0.45,1551,11388,7.62,7.62,0,11388
3977333714,"4/27/2016","Wed",714,176,10,0,0,4.62,0.42,0,1377,7193,5.04,5.04,0,7193
3977333714,"4/28/2016","Thu",804,190,8,15,0,3.22,0.29,1.37,1407,7114,4.88,4.88,0,7114
3977333714,"4/29/2016","Fri",744,150,32,36,0,2.71,1.3,3.74,1545,10645,7.75,7.75,0,10645
3977333714,"4/30/2016","Sat",687,194,52,43,0,3.41,2.1,3.69,1650,13238,9.2,9.2,0,13238
3977333714,"5/1/2016","Sun",691,124,40,41,0,2.41,1.98,2.67,1501,10414,7.07,7.07,0,10414
3977333714,"5/10/2016","Tue",676,196,115,1,0,3.31,5.4,0.07,1630,13072,8.78,8.78,0,13072
3977333714,"5/11/2016","Wed",13,9,0,4,0,0.13,0,0.37,52,746,0.5,0.5,0,746
3977333714,"5/2/2016","Mon",713,176,143,24,0,3.02,6.48,1.54,1760,16520,11.05,11.05,0,16520
3977333714,"5/3/2016","Tue",594,258,41,47,0,4.53,1.74,3.32,1710,14335,9.59,9.59,0,14335
3977333714,"5/4/2016","Wed",852,142,96,14,0,2.89,4.58,1.81,1628,13559,9.44,9.44,0,13559
3977333714,"5/5/2016","Thu",680,178,88,14,0,2.71,4.11,1.76,1618,12312,8.58,8.58,0,12312
3977333714,"5/6/2016","Fri",676,168,55,29,0,2.67,2.51,3.11,1590,11677,8.28,8.28,0,11677
3977333714,"5/7/2016","Sat",703,208,86,0,0,3.59,4.13,0,1574,11550,7.73,7.73,0,11550
3977333714,"5/8/2016","Sun",688,171,116,9,0,3.17,5.24,0.68,1633,13585,9.09,9.09,0,13585
3977333714,"5/9/2016","Mon",1159,151,122,8,0,3.55,5.6,0.77,1667,14687,10.08,10.08,0,14687
4020332650,"4/12/2016","Tue",712,331,15,4,0,5.68,0.24,0.15,3654,8539,6.12,6.12,0,8539
4020332650,"4/13/2016","Wed",1440,0,0,0,0,0,0,0,1981,0,0,0,0,0
4020332650,"4/14/2016","Thu",1437,3,0,0,0,0.03,0,0,2011,108,0.08,0.08,0,108
4020332650,"4/15/2016","Fri",1299,87,18,36,0,0.77,0.36,0.21,2951,1882,1.35,1.35,0,1882
4020332650,"4/16/2016","Sat",1222,55,21,65,0,0.59,0.37,0.45,3051,1982,1.42,1.42,0,1982
4020332650,"4/17/2016","Sun",1438,2,0,0,0,0.01,0,0,1990,16,0.01,0.01,0,16
4020332650,"4/18/2016","Mon",1438,2,0,0,0,0.04,0,0,1995,62,0.04,0.04,0,62
4020332650,"4/19/2016","Tue",1440,0,0,0,0,0,0,0,1980,0,0,0,0,0
4020332650,"4/20/2016","Wed",1440,0,0,0,0,0,0,0,1980,0,0,0,0,0
4020332650,"4/21/2016","Thu",1440,0,0,0,0,0,0,0,1980,0,0,0,0,0
4020332650,"4/22/2016","Fri",1440,0,0,0,0,0,0,0,1980,0,0,0,0,0
4020332650,"4/23/2016","Sat",1440,0,0,0,0,0,0,0,1980,0,0,0,0,0
4020332650,"4/24/2016","Sun",1440,0,0,0,0,0,0,0,1980,0,0,0,0,0
4020332650,"4/25/2016","Mon",1440,0,0,0,0,0,0,0,1980,0,0,0,0,0
4020332650,"4/26/2016","Tue",1440,0,0,0,0,0,0,0,1980,0,0,0,0,0
4020332650,"4/27/2016","Wed",1440,0,0,0,0,0,0,0,1980,0,0,0,0,0
4020332650,"4/28/2016","Thu",1440,0,0,0,0,0,0,0,1980,0,0,0,0,0
4020332650,"4/29/2016","Fri",1440,0,0,0,0,0,0,0,1980,0,0,0,0,0
4020332650,"4/30/2016","Sat",1440,0,0,0,0,0,0,0,1980,0,0,0,0,0
4020332650,"5/1/2016","Sun",1440,0,0,0,0,0,0,0,1980,0,0,0,0,0
4020332650,"5/10/2016","Tue",774,206,0,0,0.04,3.87,0,0,2926,5546,3.98,3.98,0,5546
4020332650,"5/11/2016","Wed",1296,134,8,2,0,2.33,0.17,0.11,2645,3689,2.65,2.65,0,3689
4020332650,"5/12/2016","Thu",721,21,0,0,0,0.41,0,0,1120,590,0.42,0.42,0,590
4020332650,"5/2/2016","Mon",1350,31,11,0,0,0.29,0.04,0,2207,475,0.34,0.34,0,475
4020332650,"5/3/2016","Tue",950,174,0,0,0.05,3.15,0,0,2828,4496,3.22,3.22,0,4496
4020332650,"5/4/2016","Wed",531,346,46,13,0,5.58,1.04,0.67,3879,10252,7.35,7.35,0,10252
4020332650,"5/5/2016","Thu",916,196,42,38,0.07,4.04,1.68,2.62,3429,11728,8.43,8.43,0,11728
4020332650,"5/6/2016","Fri",855,177,0,0,0.01,3.1,0,0,2704,4369,3.13,3.13,0,4369
4020332650,"5/7/2016","Sat",1256,184,0,0,0,3.58,0,0,2975,6132,4.4,4.4,0,6132
4020332650,"5/8/2016","Sun",775,263,0,0,0,4.15,0,0,3089,5862,4.2,4.2,0,5862
4020332650,"5/9/2016","Mon",1225,173,5,3,0,2.94,0.12,0.2,2785,4556,3.27,3.27,0,4556
4057192912,"4/12/2016","Tue",1276,164,0,0,0,3.94,0,0,2286,5394,4.03,4.03,0,5394
4057192912,"4/13/2016","Wed",1280,160,0,0,0,4.37,0,0,2306,5974,4.47,4.47,0,5974
4057192912,"4/14/2016","Thu",1440,0,0,0,0,0,0,0,1776,0,0,0,0,0
4057192912,"4/15/2016","Fri",873,88,6,3,0,2.44,0.26,0.21,1527,3984,2.95,2.95,0,3984
4319703577,"4/12/2016","Tue",1440,0,0,0,0,0,0,0,2115,7753,5.2,5.2,0,7753
4319703577,"4/13/2016","Wed",1234,96,15,8,0,1.31,0.59,0.53,2135,8204,5.5,5.5,0,8204
4319703577,"4/14/2016","Thu",589,339,9,1,0,6.44,0.33,0.11,2302,10210,6.88,6.88,0,10210
4319703577,"4/15/2016","Fri",752,228,0,0,0,3.8,0,0,1985,5664,3.8,3.8,0,5664
4319703577,"4/16/2016","Sat",724,194,0,0,0,3.18,0,0,1884,4744,3.18,3.18,0,4744
4319703577,"4/17/2016","Sun",1363,3,0,0,0,0.02,0,0,1464,29,0.02,0.02,0,29
4319703577,"4/18/2016","Mon",824,58,9,1,0,1.12,0.33,0.07,1632,2276,1.55,1.55,0,2276
4319703577,"4/19/2016","Tue",604,311,0,0,0,5.99,0,0,2200,8925,5.99,5.99,0,8925
4319703577,"4/20/2016","Wed",671,306,18,0,0,5.31,0.68,0,2220,8954,6.01,6.01,0,8954
4319703577,"4/21/2016","Thu",1265,34,0,0,0,0.35,0,0,1792,3702,2.48,2.48,0,3702
4319703577,"4/22/2016","Fri",709,176,19,1,0,2.15,0.81,0.06,1886,4500,3.02,3.02,0,4500
4319703577,"4/23/2016","Sat",546,233,0,0,0,3.31,0,0,1945,4935,3.31,3.31,0,4935
4319703577,"4/24/2016","Sun",692,191,5,1,0,2.47,0.2,0.06,1880,4081,2.74,2.74,0,4081
4319703577,"4/25/2016","Mon",544,390,8,0,0,5.93,0.28,0,2314,9259,6.21,6.21,0,9259
4319703577,"4/26/2016","Tue",649,288,21,8,0,5.15,0.92,0.57,2236,9899,6.64,6.64,0,9899
4319703577,"4/27/2016","Wed",680,300,47,6,0,4.91,1.92,0.41,2324,10780,7.23,7.23,0,10780
4319703577,"4/28/2016","Thu",552,359,8,13,0,5.94,0.33,1.01,2367,10817,7.28,7.28,0,10817
4319703577,"4/29/2016","Fri",624,289,18,6,0,4.12,0.79,0.45,2175,7990,5.36,5.36,0,7990
4319703577,"4/30/2016","Sat",695,196,38,6,0,3.51,1.61,0.4,2092,8221,5.52,5.52,0,8221
4319703577,"5/1/2016","Sun",836,67,0,0,0,0.84,0,0,1593,1251,0.84,0.84,0,1251
4319703577,"5/10/2016","Tue",555,329,12,3,0,5.7,0.46,0.21,2260,9487,6.37,6.37,0,9487
4319703577,"5/11/2016","Wed",574,311,18,3,0,5.18,0.74,0.2,2232,9129,6.13,6.13,0,9129
4319703577,"5/12/2016","Thu",0,2,0,0,0,0.01,0,0,257,17,0.01,0.01,0,17
4319703577,"5/2/2016","Mon",585,344,11,0,0,5.71,0.44,0,2270,9261,6.24,6.24,0,9261
4319703577,"5/3/2016","Tue",669,287,26,8,0,4.83,1.07,0.58,2235,9648,6.47,6.47,0,9648
4319703577,"5/4/2016","Wed",1106,313,13,8,0,5.85,0.58,0.59,2282,10429,7.02,7.02,0,10429
4319703577,"5/5/2016","Thu",957,328,34,27,0,5.45,1.41,2.63,2530,13658,9.49,9.49,0,13658
4319703577,"5/6/2016","Fri",692,314,11,6,0,5.46,0.47,0.41,2266,9524,6.42,6.42,0,9524
4319703577,"5/7/2016","Sat",586,279,28,3,0,4.08,1.05,0.19,2158,7937,5.33,5.33,0,7937
4319703577,"5/8/2016","Sun",603,153,0,0,0,2.46,0,0,1792,3672,2.46,2.46,0,3672
4319703577,"5/9/2016","Mon",490,374,14,2,0,6.25,0.56,0.14,2345,10378,6.96,6.96,0,10378
4388161847,"4/12/2016","Tue",1440,0,0,0,0,0,0,0,2955,10122,7.78,7.78,0,10122
4388161847,"4/13/2016","Wed",1275,150,14,1,0,3.88,0.63,0.06,3092,10993,8.45,8.45,0,10993
4388161847,"4/14/2016","Thu",945,219,35,10,0,5.62,1.07,0.13,2998,8863,6.82,6.82,0,8863
4388161847,"4/15/2016","Fri",837,299,0,0,0,6.73,0,0,3066,8758,6.73,6.73,0,8758
4388161847,"4/16/2016","Sat",609,253,9,6,0,4.45,0.4,0.21,3073,6580,5.06,5.06,0,6580
4388161847,"4/17/2016","Sun",721,201,0,0,0,3.58,0,0,2572,4660,3.58,3.58,0,4660
4388161847,"4/18/2016","Mon",1017,239,8,27,0,5.14,0.4,3.56,3274,11009,9.1,9.1,0,11009
4388161847,"4/19/2016","Tue",704,249,16,20,0,5.77,0.69,1.37,3015,10181,7.83,7.83,0,10181
4388161847,"4/20/2016","Wed",696,228,42,19,0,5.29,1.72,1.1,3083,10553,8.12,8.12,0,10553
4388161847,"4/21/2016","Thu",853,272,12,7,0,6.98,0.39,0.37,3069,10055,7.73,7.73,0,10055
4388161847,"4/22/2016","Fri",945,220,25,77,0,4.92,1.11,3.3,3544,12139,9.34,9.34,0,12139
4388161847,"4/23/2016","Sat",749,215,5,58,0,5.35,0.32,4.5,3306,13236,10.18,10.18,0,13236
4388161847,"4/24/2016","Sun",584,239,8,14,0,6.3,0.51,1.08,2885,10243,7.88,7.88,0,10243
4388161847,"4/25/2016","Mon",1054,301,31,11,0,7.84,1.4,0.73,3288,12961,9.97,9.97,0,12961
4388161847,"4/26/2016","Tue",673,224,23,14,0,5.27,1.06,0.94,2929,9461,7.28,7.28,0,9461
4388161847,"4/27/2016","Wed",684,241,48,11,0,5.39,2.51,0.7,3074,11193,8.61,8.61,0,11193
4388161847,"4/28/2016","Thu",878,234,9,19,0,6.03,0.43,1.29,2969,10074,7.75,7.75,0,10074
4388161847,"4/29/2016","Fri",1175,236,16,13,0,5.42,0.89,0.8,2979,9232,7.1,7.1,0,9232
4388161847,"4/30/2016","Sat",537,300,43,14,0,6.94,2,0.7,3283,12533,9.64,9.64,0,12533
4388161847,"5/1/2016","Sun",579,241,15,12,0,6.2,0.68,1.01,2926,10255,7.89,7.89,0,10255
4388161847,"5/10/2016","Tue",648,267,14,13,0,6.46,0.65,0.81,3061,10299,7.92,7.92,0,10299
4388161847,"5/11/2016","Wed",858,256,18,8,0,6.53,0.79,0.53,2954,10201,7.84,7.84,0,10201
4388161847,"5/12/2016","Thu",825,108,0,0,0,2.59,0,0,1623,3369,2.59,2.59,0,3369
4388161847,"5/2/2016","Mon",935,204,4,33,0,4.55,0.08,3.77,3147,10096,8.4,8.4,0,10096
4388161847,"5/3/2016","Tue",984,306,18,18,0,7.88,0.78,1.13,3290,12727,9.79,9.79,0,12727
4388161847,"5/4/2016","Wed",632,251,21,35,0,5.8,0.93,2.79,3162,12375,9.52,9.52,0,12375
4388161847,"5/5/2016","Thu",896,199,39,12,0,5.09,1.67,0.63,2899,9603,7.38,7.38,0,9603
4388161847,"5/6/2016","Fri",1100,262,45,33,0,5.93,2.09,2.11,3425,13175,10.13,10.13,0,13175
4388161847,"5/7/2016","Sat",508,260,56,120,0,5.33,2.77,9.45,4022,22770,17.54,17.54,0,22770
4388161847,"5/8/2016","Sun",576,178,38,107,0,3.23,1.26,9.89,3934,17298,14.38,14.38,0,17298
4388161847,"5/9/2016","Mon",1020,258,19,6,0,6.79,0.73,0.34,3013,10218,7.86,7.86,0,10218
4445114986,"4/12/2016","Tue",787,196,0,0,0,2.2,0,0,2113,3276,2.2,2.2,0,3276
4445114986,"4/13/2016","Wed",840,194,0,0,0,1.99,0,0,2095,2961,1.99,1.99,0,2961
4445114986,"4/14/2016","Thu",717,231,0,0,0,2.67,0,0,2194,3974,2.67,2.67,0,3974
4445114986,"4/15/2016","Fri",711,350,0,0,0,4.83,0,0,2496,7198,4.83,4.83,0,7198
4445114986,"4/16/2016","Sat",716,225,0,0,0,2.65,0,0,2180,3945,2.65,2.65,0,3945
4445114986,"4/17/2016","Sun",1219,114,0,0,0,1.52,0,0,1933,2268,1.52,1.52,0,2268
4445114986,"4/18/2016","Mon",1247,162,6,25,0,1.95,0.29,2,2248,6155,4.24,4.24,0,6155
4445114986,"4/19/2016","Tue",895,121,0,0,0,1.39,0,0,1954,2064,1.39,1.39,0,2064
4445114986,"4/20/2016","Wed",841,137,0,0,0,1.39,0,0,1974,2072,1.39,1.39,0,2072
4445114986,"4/21/2016","Thu",756,215,0,0,0,2.54,0,0,2150,3809,2.56,2.56,0,3809
4445114986,"4/22/2016","Fri",706,317,0,0,0,4.58,0,0,2432,6831,4.58,4.58,0,6831
4445114986,"4/23/2016","Sat",1239,201,0,0,0,2.93,0,0,2149,4363,2.93,2.93,0,4363
4445114986,"4/24/2016","Sun",1196,244,0,0,0,3.36,0,0,2247,5002,3.36,3.36,0,5002
4445114986,"4/25/2016","Mon",916,179,0,0,0,2.27,0,0,2070,3385,2.27,2.27,0,3385
4445114986,"4/26/2016","Tue",839,180,1,29,0,1.96,0.04,2.41,2291,6326,4.41,4.41,0,6326
4445114986,"4/27/2016","Wed",839,194,1,32,0,2.38,0.03,2.62,2361,7243,5.03,5.03,0,7243
4445114986,"4/28/2016","Thu",762,236,0,0,0,3.01,0,0,2203,4493,3.01,3.01,0,4493
4445114986,"4/29/2016","Fri",1106,226,0,0,0,3.13,0,0,2196,4676,3.14,3.14,0,4676
4445114986,"4/30/2016","Sat",797,290,0,0,0,4.18,0,0,2363,6222,4.18,4.18,0,6222
4445114986,"5/1/2016","Sun",741,240,0,0,0,3.51,0,0,2246,5232,3.51,3.51,0,5232
4445114986,"5/10/2016","Tue",783,231,0,0,0,2.63,0,0,2181,3915,2.63,2.63,0,3915
4445114986,"5/11/2016","Wed",622,232,22,34,0,2.86,1,2.25,2499,9105,6.11,6.11,0,9105
4445114986,"5/12/2016","Thu",380,58,0,0,0,0.52,0,0,1212,768,0.52,0.52,0,768
4445114986,"5/2/2016","Mon",667,200,4,27,0,2.35,0.19,2.21,2336,6910,4.75,4.75,0,6910
4445114986,"5/3/2016","Tue",725,233,2,30,0,2.58,0.11,2.48,2421,7502,5.18,5.18,0,7502
4445114986,"5/4/2016","Wed",897,180,0,0,0,1.96,0,0,2070,2923,1.96,1.96,0,2923
4445114986,"5/5/2016","Thu",734,185,6,2,0,2.18,0.24,0.12,2120,3800,2.55,2.55,0,3800
4445114986,"5/6/2016","Fri",809,229,0,0,0,3.03,0,0,2211,4514,3.03,3.03,0,4514
4445114986,"5/7/2016","Sat",866,108,4,26,0,1.25,0.19,2.13,2123,5183,3.59,3.59,0,5183
4445114986,"5/8/2016","Sun",733,308,8,0,0,4.65,0.25,0,2423,7303,4.9,4.9,0,7303
4445114986,"5/9/2016","Mon",641,266,0,0,0,3.54,0,0,2281,5275,3.54,3.54,0,5275
4558609924,"4/12/2016","Tue",1122,318,0,0,0,3.39,0,0,1909,5135,3.39,3.39,0,5135
4558609924,"4/13/2016","Wed",1287,127,7,19,0,1.61,0.44,1.24,1722,4978,3.29,3.29,0,4978
4558609924,"4/14/2016","Thu",1161,279,0,0,0,4.49,0,0,1922,6799,4.49,4.49,0,6799
4558609924,"4/15/2016","Fri",1131,262,30,17,0,3.73,0.84,0.59,2121,7795,5.15,5.15,0,7795
4558609924,"4/16/2016","Sat",1112,308,12,8,0,3.5,0.75,0.55,1997,7289,4.82,4.82,0,7289
4558609924,"4/17/2016","Sun",1110,304,19,7,0,4.71,1.14,0.55,2117,9634,6.4,6.4,0,9634
4558609924,"4/18/2016","Mon",1080,331,15,14,0,4,0.93,0.98,2116,8940,5.91,5.91,0,8940
4558609924,"4/19/2016","Tue",1182,248,9,1,0,3.16,0.36,0.05,1876,5401,3.57,3.57,0,5401
4558609924,"4/20/2016","Wed",1218,222,0,0,0,3.17,0,0,1788,4803,3.17,3.17,0,4803
4558609924,"4/21/2016","Thu",844,432,21,6,0,7.7,0.97,0.42,2486,13743,9.08,9.08,0,13743
4558609924,"4/22/2016","Fri",1122,273,25,20,0,3.47,1.5,1.37,2094,9601,6.35,6.35,0,9601
4558609924,"4/23/2016","Sat",1122,308,5,5,0,4.01,0.2,0.34,2085,6890,4.55,4.55,0,6890
4558609924,"4/24/2016","Sun",1045,395,0,0,0,5.65,0,0,2173,8563,5.66,5.66,0,8563
4558609924,"4/25/2016","Mon",993,340,10,18,0,4.51,0.25,0.59,2225,8095,5.35,5.35,0,8095
4558609924,"4/26/2016","Tue",1062,283,41,12,0,3.59,2.03,0.43,2223,9148,6.05,6.05,0,9148
4558609924,"4/27/2016","Wed",1087,312,14,27,0,3.46,0.89,1.96,2098,9557,6.32,6.32,0,9557
4558609924,"4/28/2016","Thu",985,367,11,1,0,5.95,0.27,0.02,2185,9451,6.25,6.25,0,9451
4558609924,"4/29/2016","Fri",1096,197,29,15,0,2.31,1.85,1.02,1918,7833,5.18,5.18,0,7833
4558609924,"4/30/2016","Sat",1111,293,29,7,0,4.46,1.89,0.47,2105,10319,6.82,6.82,0,10319
4558609924,"5/1/2016","Sun",1121,190,0,0,0,2.27,0,0,1692,3428,2.27,2.27,0,3428
4558609924,"5/10/2016","Tue",1191,220,18,11,0,2.39,1.12,0.74,1889,6435,4.25,4.25,0,6435
4558609924,"5/11/2016","Wed",1081,324,31,4,0,3.94,1.82,0.26,2131,9108,6.02,6.02,0,9108
4558609924,"5/12/2016","Thu",736,247,0,0,0,4.17,0,0,1452,6307,4.17,4.17,0,6307
4558609924,"5/2/2016","Mon",1057,383,0,0,0,5.22,0,0,2066,7891,5.22,5.22,0,7891
4558609924,"5/3/2016","Tue",1172,237,10,21,0,2.6,0.28,0.6,1953,5267,3.48,3.48,0,5267
4558609924,"5/4/2016","Wed",1188,252,0,0,0,3.46,0,0,1842,5232,3.46,3.46,0,5232
4558609924,"5/5/2016","Thu",1048,370,8,14,0,5.51,0.5,1.01,2262,10611,7.01,7.01,0,10611
4558609924,"5/6/2016","Fri",1238,202,0,0,0,2.48,0,0,1722,3755,2.48,2.48,0,3755
4558609924,"5/7/2016","Sat",1116,233,16,23,0,2.83,1,1.61,1973,8237,5.44,5.44,0,8237
4558609924,"5/8/2016","Sun",1019,238,35,66,0,2.02,0.5,1.8,2666,6543,4.33,4.33,0,6543
4558609924,"5/9/2016","Mon",1065,339,30,6,0,5.52,1.62,0.43,2223,11451,7.57,7.57,0,11451
4702921684,"4/12/2016","Tue",718,263,0,0,0,5.85,0,0,2947,7213,5.88,5.88,0,7213
4702921684,"4/13/2016","Wed",777,258,0,0,0,5.58,0,0,2898,6877,5.58,5.58,0,6877
4702921684,"4/14/2016","Thu",772,271,0,0,0,6.37,0,0,2984,7860,6.37,6.37,0,7860
4702921684,"4/15/2016","Fri",944,256,8,1,0,4.79,0.42,0.07,2896,6506,5.28,5.28,0,6506
4702921684,"4/16/2016","Sat",556,335,24,3,0,7.54,1.25,0.24,3328,11140,9.03,9.03,0,11140
4702921684,"4/17/2016","Sun",437,302,66,12,0,5.88,3.46,0.96,3394,12692,10.29,10.29,0,12692
4702921684,"4/18/2016","Mon",890,191,30,22,0,4.07,1.49,1.82,3013,9105,7.38,7.38,0,9105
4702921684,"4/19/2016","Tue",757,179,8,10,0,4.19,0.37,0.88,2812,6708,5.44,5.44,0,6708
4702921684,"4/20/2016","Wed",717,260,29,2,0,5.73,1.23,0.16,3061,8793,7.13,7.13,0,8793
4702921684,"4/21/2016","Thu",901,144,41,4,0,2.94,2.05,0.31,2729,6530,5.3,5.3,0,6530
4702921684,"4/22/2016","Fri",1341,72,0,0,0,1.35,0,0,2241,1664,1.35,1.35,0,1664
4702921684,"4/23/2016","Sat",469,408,66,9,0,8.27,3.24,0.76,3691,15126,12.27,12.27,0,15126
4702921684,"4/24/2016","Sun",542,281,95,15,0,5.88,5.12,1.2,3538,15050,12.22,12.22,0,15050
4702921684,"4/25/2016","Mon",730,270,15,6,0,6.11,0.82,0.49,3064,9167,7.43,7.43,0,9167
4702921684,"4/26/2016","Tue",765,216,8,1,0,4.54,0.35,0.07,2784,6108,4.95,4.95,0,6108
4702921684,"4/27/2016","Wed",733,238,16,1,0,4.78,0.8,0.09,2908,7047,5.72,5.72,0,7047
4702921684,"4/28/2016","Thu",738,232,9,14,0,5.77,0.42,1.13,3033,9023,7.32,7.32,0,9023
4702921684,"4/29/2016","Fri",692,267,19,12,0,6.07,0.92,1.06,3165,9930,8.05,8.05,0,9930
4702921684,"4/30/2016","Sat",728,263,36,4,0,5.88,2.03,0.32,3115,10144,8.23,8.23,0,10144
4702921684,"5/1/2016","Sun",1440,0,0,0,0,0,0,0,2017,0,0,0,0,0
4702921684,"5/10/2016","Tue",701,262,37,1,0,6.65,1.88,0.08,3172,10613,8.61,8.61,0,10613
4702921684,"5/11/2016","Wed",784,235,41,10,0,4.98,2.16,0.78,3069,9810,7.96,7.96,0,9810
4702921684,"5/12/2016","Thu",241,68,0,0,0,2.23,0,0,1240,2752,2.23,2.23,0,2752
4702921684,"5/2/2016","Mon",1131,195,40,5,0,3.76,1.74,0.38,2859,7245,5.92,5.92,0,7245
4702921684,"5/3/2016","Tue",729,313,0,0,0,7.67,0,0,3145,9454,7.67,7.67,0,9454
4702921684,"5/4/2016","Wed",757,251,15,4,0,5.54,0.73,0.34,3004,8161,6.62,6.62,0,8161
4702921684,"5/5/2016","Thu",745,241,5,8,0,6.09,0.22,0.67,3006,8614,6.99,6.99,0,8614
4702921684,"5/6/2016","Fri",682,207,16,1,0,4.87,0.66,0.08,2859,6943,5.63,5.63,0,6943
4702921684,"5/7/2016","Sat",577,439,46,5,0,8.97,2.31,0.37,3683,14370,11.65,11.65,0,14370
4702921684,"5/8/2016","Sun",1019,192,125,9,0,3.54,6.21,0.68,3287,12857,10.43,10.43,0,12857
4702921684,"5/9/2016","Mon",746,253,12,0,0,6.1,0.57,0,2990,8232,6.68,6.68,0,8232
5553957443,"4/12/2016","Tue",767,277,13,19,0,5.41,0.79,1.37,2026,11596,7.57,7.57,0,11596
5553957443,"4/13/2016","Wed",647,226,0,0,0,3.16,0,0,1718,4832,3.16,3.16,0,4832
5553957443,"4/14/2016","Thu",693,256,41,61,0,4.67,2.45,4,2324,17022,11.12,11.12,0,17022
5553957443,"4/15/2016","Fri",689,239,38,58,0,4.71,1.98,4.16,2254,16556,10.86,10.86,0,16556
5553957443,"4/16/2016","Sat",521,288,0,0,0,3.77,0,0,1831,5771,3.77,3.77,0,5771
5553957443,"4/17/2016","Sun",943,46,0,0,0,0.43,0,0,1397,655,0.43,0.43,0,655
5553957443,"4/18/2016","Mon",622,206,0,0,0,2.43,0,0,1683,3727,2.43,2.43,0,3727
5553957443,"4/19/2016","Tue",756,249,28,69,0,4.18,1.66,4.28,2284,15482,10.11,10.11,0,15482
5553957443,"4/20/2016","Wed",598,148,0,0,0,1.77,0,0,1570,2713,1.77,1.77,0,2713
5553957443,"4/21/2016","Thu",801,177,42,47,0,2.96,2.16,2.95,2066,12346,8.06,8.06,0,12346
5553957443,"4/22/2016","Fri",781,270,16,25,0,5.6,0.63,1.38,2105,11682,7.63,7.63,0,11682
5553957443,"4/23/2016","Sat",443,272,0,0,0,2.68,0,0,1776,4112,2.69,2.69,0,4112
5553957443,"4/24/2016","Sun",582,104,0,0,0,1.18,0,0,1507,1807,1.18,1.18,0,1807
5553957443,"4/25/2016","Mon",732,201,11,51,0,3.69,0.57,2.93,2033,10946,7.19,7.19,0,10946
5553957443,"4/26/2016","Tue",750,238,18,40,0,4.46,0.93,2.37,2093,11886,7.76,7.76,0,11886
5553957443,"4/27/2016","Wed",745,206,16,16,0,4.74,1,1.14,1922,10538,6.88,6.88,0,10538
5553957443,"4/28/2016","Thu",727,165,13,49,0,3.17,0.75,3.71,1999,11393,7.63,7.63,0,11393
5553957443,"4/29/2016","Fri",709,270,15,46,0,4.91,0.64,2.79,2169,12764,8.33,8.33,0,12764
5553957443,"4/30/2016","Sat",506,84,0,0,0,0.78,0,0,1463,1202,0.78,0.78,0,1202
5553957443,"5/1/2016","Sun",436,237,0,0,0,3.37,0,0,1747,5164,3.37,3.37,0,5164
5553957443,"5/10/2016","Tue",707,265,40,61,0,5.2,1.61,3.87,2335,16358,10.71,10.71,0,16358
5553957443,"5/11/2016","Wed",628,195,0,0,0,3.22,0,0,1693,4926,3.22,3.22,0,4926
5553957443,"5/12/2016","Thu",222,48,6,8,0,1.06,0.4,0.58,741,3121,2.04,2.04,0,3121
5553957443,"5/2/2016","Mon",724,227,9,23,0,4.9,0.41,1.06,1996,9769,6.38,6.38,0,9769
5553957443,"5/3/2016","Tue",812,247,29,26,0,5.68,1.2,1.5,2116,12848,8.39,8.39,0,12848
5553957443,"5/4/2016","Wed",651,224,0,0,0,2.77,0,0,1698,4249,2.77,2.77,0,4249
5553957443,"5/5/2016","Thu",692,241,29,44,0,4.43,1.66,3.43,2156,14331,9.51,9.51,0,14331
5553957443,"5/6/2016","Fri",761,229,9,21,0,4.23,0.54,1.52,1916,9632,6.29,6.29,0,9632
5553957443,"5/7/2016","Sat",902,96,0,0,0,1.22,0,0,1494,1868,1.22,1.22,0,1868
5553957443,"5/8/2016","Sun",505,210,8,3,0,3.3,0.47,0.22,1762,6083,4,4,0,6083
5553957443,"5/9/2016","Mon",667,251,22,59,0,4.56,0.89,2.13,2272,11611,7.58,7.58,0,11611
5577150313,"4/12/2016","Tue",728,140,16,86,0,2.1,0.38,3.6,3405,8135,6.08,6.08,0,8135
5577150313,"4/13/2016","Wed",776,144,11,15,0,3.25,0.22,0.32,2551,5077,3.79,3.79,0,5077
5577150313,"4/14/2016","Thu",662,176,30,118,0,2.78,0.31,3.33,4022,8596,6.42,6.42,0,8596
5577150313,"4/15/2016","Fri",695,199,54,115,0,3.56,1.6,3.92,4005,12087,9.08,9.08,0,12087
5577150313,"4/16/2016","Sat",472,158,56,184,0,2.73,1.28,6.64,4274,14269,10.66,10.66,0,14269
5577150313,"4/17/2016","Sun",525,159,37,200,0,2.32,0.83,5.98,4552,12231,9.14,9.14,0,12231
5577150313,"4/18/2016","Mon",623,130,32,114,0,1.82,0.72,4.86,3625,9893,7.39,7.39,0,9893
5577150313,"4/19/2016","Tue",733,111,23,108,0,1.76,0.64,7.02,3501,12574,9.42,9.42,0,12574
5577150313,"4/20/2016","Wed",773,113,16,87,0,1.76,0.34,4.12,3192,8330,6.22,6.22,0,8330
5577150313,"4/21/2016","Thu",670,175,74,110,0,2.78,1.66,3.65,4018,10830,8.09,8.09,0,10830
5577150313,"4/22/2016","Fri",823,200,30,62,0,3.3,0.79,2.42,3329,9172,6.85,6.85,0,9172
5577150313,"4/23/2016","Sat",627,223,24,24,0,4.14,0.36,1.21,3152,7638,5.71,5.71,0,7638
5577150313,"4/24/2016","Sun",425,141,65,210,0,1.98,2.15,7.65,4392,15764,11.78,11.78,0,15764
5577150313,"4/25/2016","Mon",743,214,38,61,0,2.76,0.67,1.35,3374,6393,4.78,4.78,0,6393
5577150313,"4/26/2016","Tue",759,181,32,38,0,2.47,0.65,0.85,3088,5325,3.98,3.98,0,5325
5577150313,"4/27/2016","Wed",773,190,16,63,0,2.93,0.4,1.81,3294,6805,5.14,5.14,0,6805
5577150313,"4/28/2016","Thu",692,141,51,99,0,3.01,1.17,3.25,3580,9841,7.43,7.43,0,9841
5577150313,"4/29/2016","Fri",739,165,36,97,0,2.47,0.61,2.84,3544,7924,5.92,5.92,0,7924
5577150313,"4/30/2016","Sat",621,163,45,207,0,2.61,0.79,5.83,4501,12363,9.24,9.24,0,12363
5577150313,"5/1/2016","Sun",499,178,72,194,0,3.24,1.44,5.31,4546,13368,9.99,9.99,0,13368
5577150313,"5/10/2016","Tue",639,194,37,104,0,3.35,0.75,2.56,3841,8869,6.65,6.65,0,8869
5577150313,"5/11/2016","Wed",257,63,15,45,0,0.89,0.3,1.83,1665,4038,3.04,3.04,0,4038
5577150313,"5/2/2016","Mon",732,235,20,37,0,4.07,0.35,1.12,3014,7439,5.56,5.56,0,7439
5577150313,"5/3/2016","Tue",580,212,8,97,0,3.57,0.15,4.52,3795,11045,8.25,8.25,0,11045
5577150313,"5/4/2016","Wed",631,141,9,25,0,2.08,0.25,1.56,2755,5206,3.89,3.89,0,5206
5577150313,"5/5/2016","Thu",1153,143,21,45,0,2.67,0.47,2.5,3004,7550,5.64,5.64,0,7550
5577150313,"5/6/2016","Fri",1304,79,16,41,0,1.45,0.32,1.93,2643,4950,3.7,3.7,0,4950
5577150313,"5/7/2016","Sat",1440,0,0,0,0,0,0,0,1819,0,0,0,0,0
5577150313,"5/8/2016","Sun",1440,0,0,0,0,0,0,0,1819,0,0,0,0,0
5577150313,"5/9/2016","Mon",1099,70,11,34,0,0.99,0.14,1.43,2489,3421,2.56,2.56,0,3421
6117666160,"4/12/2016","Tue",1440,0,0,0,0,0,0,0,1496,0,0,0,0,0
6117666160,"4/13/2016","Wed",1440,0,0,0,0,0,0,0,1496,0,0,0,0,0
6117666160,"4/14/2016","Thu",1440,0,0,0,0,0,0,0,1496,0,0,0,0,0
6117666160,"4/15/2016","Fri",921,513,6,0,0,10.3,0.28,0,2865,14019,10.59,10.59,0,14019
6117666160,"4/16/2016","Sat",502,518,15,7,0,9.48,0.85,0.58,2828,14450,10.91,10.91,0,14450
6117666160,"4/17/2016","Sun",702,312,0,0,0,5.4,0,0,2225,7150,5.4,5.4,0,7150
6117666160,"4/18/2016","Mon",759,241,0,0,0,3.89,0,0,2018,5153,3.91,3.91,0,5153
6117666160,"4/19/2016","Tue",425,480,0,0,0,8.41,0,0,2606,11135,8.41,8.41,0,11135
6117666160,"4/20/2016","Wed",587,349,10,26,0,5.52,0.48,2.03,2536,10449,8.02,8.02,0,10449
6117666160,"4/21/2016","Thu",579,294,19,11,0,5.62,0.4,0.98,4900,19542,15.01,15.01,0,19542
6117666160,"4/22/2016","Fri",413,402,0,0,0,6.2,0,0,2409,8206,6.2,6.2,0,8206
6117666160,"4/23/2016","Sat",468,512,0,0,0,8.68,0,0,2651,11495,8.68,8.68,0,11495
6117666160,"4/24/2016","Sun",711,362,0,0,0,5.76,0,0,2305,7623,5.76,5.76,0,7623
6117666160,"4/25/2016","Mon",1440,0,0,0,0,0,0,0,1497,0,0,0,0,0
6117666160,"4/26/2016","Tue",1077,352,7,0,0,6.87,0.34,0,2450,9543,7.21,7.21,0,9543
6117666160,"4/27/2016","Wed",417,458,0,0,0,7.11,0,0,2576,9411,7.11,7.11,0,9411
6117666160,"4/28/2016","Thu",758,141,0,0,0,2.6,0,0,1879,3403,2.6,2.6,0,3403
6117666160,"4/29/2016","Fri",479,461,0,0,0,7.24,0,0,2560,9592,7.24,7.24,0,9592
6117666160,"4/30/2016","Sat",1040,343,0,0,0,5.28,0,0,2275,6987,5.28,5.28,0,6987
6117666160,"5/1/2016","Sun",525,397,0,0,0,6.73,0,0,2361,8915,6.73,6.73,0,8915
6117666160,"5/2/2016","Mon",1204,236,0,0,0,3.73,0,0,2044,4933,3.73,3.73,0,4933
6117666160,"5/3/2016","Tue",1440,0,0,0,0,0,0,0,1496,0,0,0,0,0
6117666160,"5/4/2016","Wed",1279,156,0,0,0,2.26,0,0,1902,2997,2.26,2.26,0,2997
6117666160,"5/5/2016","Thu",479,487,0,0,0,7.4,0,0,2636,9799,7.4,7.4,0,9799
6117666160,"5/6/2016","Fri",673,133,0,0,0,2.68,0,0,1838,3365,2.68,2.68,0,3365
6117666160,"5/7/2016","Sat",456,412,0,0,0,5.54,0,0,2469,7336,5.54,5.54,0,7336
6117666160,"5/8/2016","Sun",517,318,0,0,0,5.53,0,0,2250,7328,5.53,5.53,0,7328
6117666160,"5/9/2016","Mon",125,197,0,0,0,3.38,0,0,1248,4477,3.38,3.38,0,4477
6290855005,"4/12/2016","Tue",1241,199,0,0,0,3.45,0,0,2560,4562,3.45,3.45,0,4562
6290855005,"4/13/2016","Wed",1090,350,0,0,0.01,5.39,0,0,2905,7142,5.4,5.4,0,7142
6290855005,"4/14/2016","Thu",1077,363,0,0,0.03,5.77,0,0,2952,7671,5.8,5.8,0,7671
6290855005,"4/15/2016","Fri",1112,328,0,0,0.01,7.17,0,0,2896,9501,7.18,7.18,0,9501
6290855005,"4/16/2016","Sat",1182,258,0,0,0.01,6.27,0,0,2783,8301,6.28,6.28,0,8301
6290855005,"4/17/2016","Sun",1172,225,12,31,0,4,0.79,1.14,3171,7851,5.94,5.94,0,7851
6290855005,"4/18/2016","Mon",1169,271,0,0,0.02,5.19,0,0,2766,6885,5.21,5.21,0,6885
6290855005,"4/19/2016","Tue",1119,321,0,0,0.01,5.39,0,0,2839,7142,5.4,5.4,0,7142
6290855005,"4/20/2016","Wed",1182,258,0,0,0.01,4.8,0,0,2701,6361,4.81,4.81,0,6361
6290855005,"4/21/2016","Thu",1440,0,0,0,0,0,0,0,2060,0,0,0,0,0
6290855005,"4/22/2016","Fri",1138,302,0,0,0,4.72,0,0,2796,6238,4.72,4.72,0,6238
6290855005,"4/23/2016","Sat",1407,0,0,33,0,0,0,0,2664,0,0,0,0,0
6290855005,"4/24/2016","Sun",1182,258,0,0,0,4.46,0,0,2703,5896,4.46,4.46,0,5896
6290855005,"4/25/2016","Mon",1180,249,3,8,0.01,5.03,0.18,0.68,2771,7802,5.9,5.9,0,7802
6290855005,"4/26/2016","Tue",1440,0,0,0,0,0,0,0,2060,0,0,0,0,0
6290855005,"4/27/2016","Wed",1153,287,0,0,0.03,4.18,0,0,2743,5565,4.21,4.21,0,5565
6290855005,"4/28/2016","Thu",1185,255,0,0,0,4.33,0,0,2687,5731,4.33,4.33,0,5731
6290855005,"4/29/2016","Fri",1440,0,0,0,0,0,0,0,2060,0,0,0,0,0
6290855005,"4/30/2016","Sat",1116,324,0,0,0.01,5.09,0,0,2843,6744,5.1,5.1,0,6744
6290855005,"5/1/2016","Sun",1055,282,95,8,0.02,4,2.75,0.66,3327,9837,7.44,7.44,0,9837
6290855005,"5/10/2016","Tue",1440,0,0,0,0,0,0,0,0,0,0,0,0,0
6290855005,"5/2/2016","Mon",1172,268,0,0,0.02,5.11,0,0,2725,6781,5.13,5.13,0,6781
6290855005,"5/3/2016","Tue",1200,240,0,0,0,4.57,0,0,2671,6047,4.57,4.57,0,6047
6290855005,"5/4/2016","Wed",1168,272,0,0,0.01,4.4,0,0,2718,5832,4.41,4.41,0,5832
6290855005,"5/5/2016","Thu",1201,239,0,0,0,4.79,0,0,2682,6339,4.79,4.79,0,6339
6290855005,"5/6/2016","Fri",1135,305,0,0,0.03,4.59,0,0,2806,6116,4.62,4.62,0,6116
6290855005,"5/7/2016","Sat",1213,227,0,0,0,4.16,0,0,2613,5510,4.17,4.17,0,5510
6290855005,"5/8/2016","Sun",1189,251,0,0,0,5.82,0,0,2712,7706,5.83,5.83,0,7706
6290855005,"5/9/2016","Mon",800,264,0,0,0.02,4.73,0,0,2175,6277,4.75,4.75,0,6277
6775888955,"4/12/2016","Tue",1440,0,0,0,0,0,0,0,1841,0,0,0,0,0
6775888955,"4/13/2016","Wed",1053,85,18,17,0,1.22,0.58,1.11,2400,4053,2.91,2.91,0,4053
6775888955,"4/14/2016","Thu",863,105,24,14,0,1.97,0.86,0.87,2507,5162,3.7,3.7,0,5162
6775888955,"4/15/2016","Fri",976,58,0,0,0,0.92,0,0,2127,1282,0.92,0.92,0,1282
6775888955,"4/16/2016","Sat",1377,9,18,36,0,0.06,0.81,2.52,2225,4732,3.39,3.39,0,4732
6775888955,"4/17/2016","Sun",1392,19,24,5,0,0.31,1.13,0.35,2067,2497,1.79,1.79,0,2497
6775888955,"4/18/2016","Mon",1233,146,31,30,0,3.17,0.77,2,2798,8294,5.95,5.95,0,8294
6775888955,"4/19/2016","Tue",1440,0,0,0,0,0,0,0,1841,0,0,0,0,0
6775888955,"4/20/2016","Wed",1079,178,113,70,0,2.22,1.74,3.77,3727,10771,7.72,7.72,0,10771
6775888955,"4/21/2016","Thu",1440,0,0,0,0,0,0,0,1841,0,0,0,0,0
6775888955,"4/22/2016","Fri",1420,20,0,0,0,0.46,0,0,1922,637,0.46,0.46,0,637
6775888955,"4/23/2016","Sat",1440,0,0,0,0,0,0,0,1841,0,0,0,0,0
6775888955,"4/24/2016","Sun",1400,11,18,11,0,0.15,0.62,0.77,2053,2153,1.54,1.54,0,2153
6775888955,"4/25/2016","Mon",1302,92,13,33,0,1.9,0.46,2.27,2484,6474,4.64,4.64,0,6474
6775888955,"4/26/2016","Tue",1321,47,30,42,0,0.73,0.87,3.48,2584,7091,5.27,5.27,1.96,7091
6775888955,"4/27/2016","Wed",1440,0,0,0,0,0,0,0,1841,0,0,0,0,0
6775888955,"4/28/2016","Thu",1410,15,13,2,0,0.24,0.2,0.06,1993,703,0.5,0.5,0,703
6775888955,"4/29/2016","Fri",1440,0,0,0,0,0,0,0,1841,0,0,0,0,0
6775888955,"4/30/2016","Sat",1344,84,9,3,0,1.48,0.16,0.16,2280,2503,1.79,1.79,0,2503
6775888955,"5/1/2016","Sun",1347,50,34,9,0,0.68,0.62,0.48,2319,2487,1.78,1.78,0,2487
6775888955,"5/2/2016","Mon",1440,0,0,0,0,0,0,0,1841,0,0,0,0,0
6775888955,"5/3/2016","Tue",1439,1,0,0,0,0.01,0,0,1843,9,0.01,0.01,0,9
6775888955,"5/4/2016","Wed",1440,0,0,0,0,0,0,0,1841,0,0,0,0,0
6775888955,"5/5/2016","Thu",1440,0,0,0,0,0,0,0,1841,0,0,0,0,0
6775888955,"5/6/2016","Fri",1318,75,35,12,0,1.93,0.93,0.47,2496,4697,3.37,3.37,0,4697
6775888955,"5/7/2016","Sat",551,49,5,2,0,1.05,0.24,0.13,1032,1967,1.41,1.41,0,1967
6962181067,"4/12/2016","Tue",796,189,14,50,0,2.51,0.83,3.4,1994,10199,6.74,6.74,0,10199
6962181067,"4/13/2016","Wed",548,142,24,8,0,1.96,1.21,0.57,1718,5652,3.74,3.74,0,5652
6962181067,"4/14/2016","Thu",862,86,0,0,0,1.03,0,0,1466,1551,1.03,1.03,0,1551
6962181067,"4/15/2016","Fri",837,217,0,0,0,3.68,0,0,1756,5563,3.68,3.68,0,5563
6962181067,"4/16/2016","Sat",741,280,3,50,0,4.88,0.19,3.66,2173,13217,8.74,8.74,0,13217
6962181067,"4/17/2016","Sun",634,295,13,5,0,5.69,0.68,0.33,2027,10145,6.71,6.71,0,10145
6962181067,"4/18/2016","Mon",689,238,42,13,0,4.32,2.39,0.83,2039,11404,7.54,7.54,0,11404
6962181067,"4/19/2016","Tue",659,195,41,35,0,2.87,2.13,2.1,2046,10742,7.1,7.1,0,10742
6962181067,"4/20/2016","Wed",639,297,4,48,0,5.09,0.19,4.28,2174,13928,9.55,9.55,0,13928
6962181067,"4/21/2016","Thu",708,214,27,53,0.11,3.51,2.1,3.99,2179,11835,9.71,7.88,4.08,11835
6962181067,"4/22/2016","Fri",659,240,33,30,0,3.77,1.55,1.77,2086,10725,7.09,7.09,0,10725
6962181067,"4/23/2016","Sat",484,347,41,58,0,7.04,2,4.2,2571,20031,13.24,13.24,0,20031
6962181067,"4/24/2016","Sun",720,199,0,0,0,3.32,0,0,1705,5029,3.32,3.32,0,5029
6962181067,"4/25/2016","Mon",637,282,31,35,0.1,4.46,1.68,3.02,2194,13239,9.27,9.08,2.79,13239
6962181067,"4/26/2016","Tue",680,254,7,36,0,3.9,0.42,2.58,2012,10433,6.9,6.9,0,10433
6962181067,"4/27/2016","Wed",697,279,38,7,0,4.25,2.02,0.55,2034,10320,6.82,6.82,0,10320
6962181067,"4/28/2016","Thu",621,288,8,38,0,5.59,0.24,2.51,2182,12627,8.35,8.35,0,12627
6962181067,"4/29/2016","Fri",645,369,15,12,0,5.81,0.48,0.82,2254,10762,7.11,7.11,0,10762
6962181067,"4/30/2016","Sat",731,237,16,32,0,3.67,0.76,2.24,2002,10081,6.66,6.66,0,10081
6962181067,"5/1/2016","Sun",722,215,0,0,0,3.61,0,0,1740,5454,3.61,3.61,0,5454
6962181067,"5/10/2016","Tue",626,275,34,62,0,4.99,1.75,3.47,2361,15448,10.21,10.21,0,15448
6962181067,"5/11/2016","Wed",709,199,7,24,0,2.65,0.31,1.49,1855,6722,4.44,4.44,0,6722
6962181067,"5/12/2016","Thu",127,105,8,0,0,2.11,0.25,0,928,3587,2.37,2.37,0,3587
6962181067,"5/2/2016","Mon",655,313,39,18,0,5.34,2,1.2,2162,12912,8.54,8.54,0,12912
6962181067,"5/3/2016","Tue",654,267,36,21,0,4.33,2.04,1.74,2072,12109,8.12,8.12,0,12109
6962181067,"5/4/2016","Wed",683,284,36,15,0,4.55,1.68,0.47,2086,10147,6.71,6.71,0,10147
6962181067,"5/5/2016","Thu",591,305,22,14,0,4.81,1.16,0.99,2066,10524,6.96,6.96,0,10524
6962181067,"5/6/2016","Fri",717,299,0,0,0,3.91,0,0,1850,5908,3.91,3.91,0,5908
6962181067,"5/7/2016","Sat",745,328,0,0,0,4.5,0,0,1947,6815,4.5,4.5,0,6815
6962181067,"5/8/2016","Sun",709,151,14,0,0,2.25,0.52,0,1659,4188,2.77,2.77,0,4188
6962181067,"5/9/2016","Mon",607,231,21,43,0,3.65,1.18,3.9,2105,12342,8.72,8.68,3.17,12342
7007744171,"4/12/2016","Tue",1024,355,8,53,0,5.41,0.38,4.5,2937,14172,10.29,9.48,4.87,14172
7007744171,"4/13/2016","Wed",1101,261,22,56,0,4.48,0.56,4.61,2742,12862,9.65,8.6,4.85,12862
7007744171,"4/14/2016","Thu",1096,304,6,34,0,4.96,0.34,2.95,2668,11179,8.24,7.48,3.29,11179
7007744171,"4/15/2016","Fri",1238,202,0,0,0,3.53,0,0,2098,5273,3.53,3.53,0,5273
7007744171,"4/16/2016","Sat",1155,203,0,0,0,3.1,0,0,2076,4631,3.1,3.1,0,4631
7007744171,"4/17/2016","Sun",1135,305,0,0,0,5.39,0,0,2383,8059,5.39,5.39,0,8059
7007744171,"4/18/2016","Mon",1077,284,31,48,0.02,5.05,2.12,3.79,2832,14816,10.98,9.91,4.93,14816
7007744171,"4/19/2016","Tue",1066,304,17,53,0,5.31,0.76,4.41,2812,14194,10.48,9.5,4.94,14194
7007744171,"4/20/2016","Wed",1000,347,33,60,0,5.86,0.67,4.79,3096,15566,11.31,10.41,4.92,15566
7007744171,"4/21/2016","Thu",1049,327,34,30,0,5.17,1.87,2.15,2763,13744,9.19,9.19,0,13744
7007744171,"4/22/2016","Fri",1065,261,50,64,0,4.37,1.76,4.1,2889,15299,10.24,10.24,0,15299
7007744171,"4/23/2016","Sat",1190,223,25,2,0,4.15,1.13,0.13,2284,8093,5.41,5.41,0,8093
7007744171,"4/24/2016","Sun",1021,419,0,0,0,7.42,0,0,2667,11085,7.42,7.42,0,11085
7007744171,"4/25/2016","Mon",986,379,24,51,0,7.67,1.37,4.31,3055,18229,13.34,12.2,4.86,18229
7007744171,"4/26/2016","Tue",978,424,22,16,0,8.23,0.94,0.93,2939,15090,10.1,10.1,0,15090
7007744171,"4/27/2016","Wed",1041,337,12,50,0,5.29,0.66,4.27,2830,13541,10.22,9.06,4.89,13541
7007744171,"4/28/2016","Thu",1007,401,16,16,0,8.26,0.77,1.09,2836,15128,10.12,10.12,0,15128
7007744171,"4/29/2016","Fri",961,382,42,55,0,7.95,2.05,4.31,3180,20067,14.3,13.42,4.91,20067
7007744171,"4/30/2016","Sat",1240,200,0,0,0,2.52,0,0,2051,3761,2.52,2.52,0,3761
7007744171,"5/1/2016","Sun",1142,237,0,0,0,3.75,0,0,2225,5600,3.75,3.75,0,5600
7007744171,"5/2/2016","Mon",1112,250,14,64,0,3.83,0.7,4.64,2642,13041,9.18,8.72,2.83,13041
7007744171,"5/3/2016","Tue",1021,330,31,58,0,5.36,1.02,4.48,2976,14510,10.87,9.71,4.91,14510
7007744171,"5/4/2016","Wed",1440,0,0,0,0,0,0,0,1557,0,0,0,0,0
7007744171,"5/5/2016","Thu",1047,317,23,53,0,5.48,1.29,4.33,2933,15010,11.1,10.04,4.88,15010
7007744171,"5/6/2016","Fri",1136,247,13,44,0,3.86,0.81,3,2553,11459,7.67,7.67,0,11459
7007744171,"5/7/2016","Sat",111,0,0,0,0,0,0,0,120,0,0,0,0,0
7086361926,"4/12/2016","Tue",745,153,6,59,0,2.97,0.15,5.27,2772,11317,8.41,8.41,0,11317
7086361926,"4/13/2016","Wed",744,155,26,31,0,2.84,0.21,0.56,2516,5813,3.62,3.62,0,5813
7086361926,"4/14/2016","Thu",787,189,32,35,0,3.66,0.33,2.03,2734,9123,6.12,6.12,0,9123
7086361926,"4/15/2016","Fri",864,139,21,30,0,2.53,1.11,2.04,2395,8585,5.67,5.67,0,8585
7086361926,"4/16/2016","Sat",1437,3,0,0,0,0.01,0,0,1635,31,0.01,0.01,0,31
7086361926,"4/17/2016","Sun",1440,0,0,0,0,0,0,0,1629,0,0,0,0,0
7086361926,"4/18/2016","Mon",1136,114,51,61,0,2.31,1.22,3.17,2743,9827,6.71,6.71,0,9827
7086361926,"4/19/2016","Tue",671,124,69,67,0,2.51,1.23,3.53,2944,10688,7.29,7.29,0,10688
7086361926,"4/20/2016","Wed",797,145,13,87,0,2.54,0.45,7.64,2997,14365,10.64,10.64,0,14365
7086361926,"4/21/2016","Thu",758,206,6,19,0,4.51,0.3,1.36,2463,9469,6.18,6.18,0,9469
7086361926,"4/22/2016","Fri",762,153,59,58,0,2.67,0.97,2.87,2846,9753,6.53,6.53,0,9753
7086361926,"4/23/2016","Sat",1350,90,0,0,0,1.8,0,0,1965,2817,1.81,1.81,0,2817
7086361926,"4/24/2016","Sun",566,125,0,0,0,2.15,0,0,2049,3520,2.16,2.16,0,3520
7086361926,"4/25/2016","Mon",706,129,39,69,0,2.37,0.7,3.75,2752,10091,6.82,6.82,0,10091
7086361926,"4/26/2016","Tue",726,132,33,70,0,2.12,0.77,4.16,2781,10387,7.07,7.07,0,10387
7086361926,"4/27/2016","Wed",829,145,6,55,0,2.53,0.18,5.63,2693,11107,8.34,8.34,0,11107
7086361926,"4/28/2016","Thu",810,161,48,54,0,3.36,1.64,2.79,2862,11584,7.8,7.8,0,11584
7086361926,"4/29/2016","Fri",1198,182,36,24,0,4,0.45,0.49,2616,7881,4.95,4.95,0,7881
7086361926,"4/30/2016","Sat",584,308,17,42,0,5.24,1.04,3.12,2995,14560,9.41,9.41,0,14560
7086361926,"5/1/2016","Sun",685,258,15,30,0,4.85,0.9,2.3,2730,12390,8.07,8.07,0,12390
7086361926,"5/10/2016","Tue",1182,106,23,72,0,2.45,1.2,7.11,2800,14433,10.79,10.79,0,14433
7086361926,"5/11/2016","Wed",757,128,40,57,0,2.23,1.39,2.89,2735,9572,6.52,6.52,0,9572
7086361926,"5/12/2016","Thu",343,58,4,5,0,1.89,0.27,0.38,1199,3789,2.56,2.56,0,3789
7086361926,"5/2/2016","Mon",737,139,26,66,0,2.66,0.66,3.48,2754,10052,6.81,6.81,0,10052
7086361926,"5/3/2016","Tue",761,152,36,57,0,3.16,0.85,2.74,2754,10288,6.76,6.76,0,10288
7086361926,"5/4/2016","Wed",843,135,12,45,0,2.9,0.12,5.28,2655,10988,8.31,8.31,0,10988
7086361926,"5/5/2016","Thu",1253,149,14,24,0,2.95,0.83,1.78,2386,8564,5.6,5.6,0,8564
7086361926,"5/6/2016","Fri",834,154,35,84,0,3.12,1.43,3.82,2924,12461,8.38,8.38,0,12461
7086361926,"5/7/2016","Sat",621,209,42,20,0,4.68,2.33,1.46,2739,12827,8.48,8.48,0,12827
7086361926,"5/8/2016","Sun",695,147,27,32,0,3.25,1.53,2.31,2534,10677,7.1,7.1,0,10677
7086361926,"5/9/2016","Mon",743,171,50,67,0,3.12,1.71,4.26,2960,13566,9.11,9.11,0,13566
8053475328,"4/12/2016","Tue",1193,123,8,116,0,2.1,0.39,11.64,3186,18060,14.12,14.12,0,18060
8053475328,"4/13/2016","Wed",1177,156,12,95,0,2.45,0.47,10.43,3140,16433,13.35,13.35,0,16433
8053475328,"4/14/2016","Thu",1123,193,5,119,0,3.36,0.21,12.34,3411,20159,15.97,15.97,0,20159
8053475328,"4/15/2016","Fri",1142,158,8,132,0,2.59,0.39,13.26,3410,20669,16.24,16.24,0,20669
8053475328,"4/16/2016","Sat",1255,83,6,96,0,1.49,0.27,9.36,2867,14549,11.11,11.11,0,14549
8053475328,"4/17/2016","Sun",1113,195,21,111,0,3.64,0.8,9.24,3213,18827,13.69,13.69,0,18827
8053475328,"4/18/2016","Mon",1137,195,6,102,0,3.35,0.23,9.08,3133,17076,12.66,12.66,0,17076
8053475328,"4/19/2016","Tue",1152,191,7,90,0,2.95,0.31,9.22,3114,15929,12.48,12.48,0,15929
8053475328,"4/20/2016","Wed",695,158,5,89,0,2.38,0.23,9.58,3043,15108,12.19,12.19,0,15108
8053475328,"4/21/2016","Thu",1164,170,6,100,0,2.58,0.25,9.67,3103,16057,12.51,12.51,0,16057
8053475328,"4/22/2016","Fri",1260,117,3,60,0,1.88,0.15,6.26,2655,10520,8.29,8.29,0,10520
8053475328,"4/23/2016","Sat",741,223,14,125,0,4.02,0.63,12.54,3554,22359,17.19,17.19,0,22359
8053475328,"4/24/2016","Sun",1096,182,33,129,0,3.26,1.55,13.13,3577,22988,17.95,17.95,0,22988
8053475328,"4/25/2016","Mon",1104,209,9,118,0,3.86,0.46,11.37,3403,20500,15.69,15.69,0,20500
8053475328,"4/26/2016","Tue",1182,185,5,68,0,3.1,0.2,6.31,2846,12685,9.62,9.62,0,12685
8053475328,"4/27/2016","Wed",1187,183,10,60,0,2.93,0.43,6.46,2852,12422,9.82,9.82,0,12422
8053475328,"4/28/2016","Thu",1188,153,9,90,0,2.35,0.39,9.67,3062,15447,12.4,12.4,0,15447
8053475328,"4/29/2016","Fri",1215,159,8,58,0,3.17,0.31,6.17,2794,12315,9.65,9.65,0,12315
8053475328,"4/30/2016","Sat",1281,131,1,27,0,2.54,0.06,2.99,2408,7135,5.59,5.59,0,7135
8053475328,"5/1/2016","Sun",1389,51,0,0,0,0.85,0,0,1886,1170,0.85,0.85,0,1170
8053475328,"5/10/2016","Tue",1219,115,10,96,0,1.85,0.42,9.09,2926,14810,11.36,11.36,0,14810
8053475328,"5/11/2016","Wed",1189,184,7,60,0,3.04,0.28,6.08,2809,12209,9.4,9.4,0,12209
8053475328,"5/12/2016","Thu",839,39,4,28,0,0.76,0.2,2.95,1505,4998,3.91,3.91,0,4998
8053475328,"5/2/2016","Mon",1345,95,0,0,0,1.43,0,0,1988,1969,1.43,1.43,0,1969
8053475328,"5/3/2016","Tue",1166,165,22,87,0,2.59,0.93,8.39,3023,15484,11.9,11.9,0,15484
8053475328,"5/4/2016","Wed",1220,123,8,89,0,1.91,0.4,8.82,2918,14581,11.15,11.15,0,14581
8053475328,"5/5/2016","Thu",1208,130,9,93,0,2.21,0.45,8.85,2950,14990,11.51,11.51,0,14990
8053475328,"5/6/2016","Fri",1245,90,15,90,0,1.21,0.69,9.1,2859,13953,11,11,0,13953
8053475328,"5/7/2016","Sat",1076,148,20,121,0,2.35,0.88,12.44,3331,19769,15.67,15.67,0,19769
8053475328,"5/8/2016","Sun",1073,228,14,125,0,3.66,0.59,13.4,3589,22026,17.65,17.65,0,22026
8053475328,"5/9/2016","Mon",1214,148,12,66,0,2.69,0.57,6.12,2765,12465,9.38,9.38,0,12465
8253242879,"4/12/2016","Tue",1244,154,2,40,0,1.59,0.14,5.43,2044,9033,7.16,7.16,0,9033
8253242879,"4/13/2016","Wed",1298,96,11,35,0,1.31,0.63,4.17,1935,8053,6.1,6.1,0,8053
8253242879,"4/14/2016","Thu",1362,33,16,29,0,0.54,0.99,1.93,1705,5234,3.46,3.46,0,5234
8253242879,"4/15/2016","Fri",1335,105,0,0,0,1.76,0,0,1632,2672,1.77,1.77,0,2672
8253242879,"4/16/2016","Sat",1268,115,51,6,0,2.45,3.27,0.43,1880,9256,6.14,6.14,0,9256
8253242879,"4/17/2016","Sun",1237,157,5,41,0,2.33,0.15,5.43,2112,10204,7.91,7.91,0,10204
8253242879,"4/18/2016","Mon",1278,130,16,16,0,1.8,0.63,1.04,1829,5151,3.48,3.48,0,5151
8253242879,"4/19/2016","Tue",1276,164,0,0,0,2.78,0,0,1763,4212,2.78,2.78,0,4212
8253242879,"4/20/2016","Wed",1201,216,18,5,0.01,3.11,0.82,0.33,1931,6466,4.27,4.27,0,6466
8253242879,"4/21/2016","Thu",1199,172,20,49,0,1.75,0.93,5.88,2218,11268,8.56,8.56,0,11268
8253242879,"4/22/2016","Fri",1320,120,0,0,0,1.87,0,0,1651,2824,1.87,1.87,0,2824
8253242879,"4/23/2016","Sat",1193,191,26,30,0,3.13,1.04,2.09,2132,9282,6.26,6.26,0,9282
8253242879,"4/24/2016","Sun",1313,82,4,41,0,1.34,0.19,5.6,1976,8905,7.13,7.13,0,8905
8253242879,"4/25/2016","Mon",1261,118,54,7,0,1.77,2.39,0.36,1909,6829,4.51,4.51,0,6829
8253242879,"4/26/2016","Tue",1299,108,14,19,0,1.37,0.49,1.18,1813,4562,3.04,3.04,0,4562
8253242879,"4/27/2016","Wed",1286,104,5,45,0,1.7,0.23,6.24,2008,10232,8.18,8.18,0,10232
8253242879,"4/28/2016","Thu",1393,20,16,11,0,0.34,0.78,0.67,1580,2718,1.8,1.8,0,2718
8253242879,"4/29/2016","Fri",1257,136,14,16,0,2.4,0.54,1.29,1854,6260,4.26,4.26,0,6260
8253242879,"4/30/2016","Sat",1440,0,0,0,0,0,0,0,0,0,0,0,0,0
8378563200,"4/12/2016","Tue",723,156,15,65,0,4.5,0.71,0.83,3635,7626,6.05,6.05,2.25,7626
8378563200,"4/13/2016","Wed",680,169,14,116,0,4.21,0.65,4.96,4079,12386,9.82,9.82,2.09,12386
8378563200,"4/14/2016","Thu",699,174,21,123,0,3.91,1.03,5.62,4163,13318,10.56,10.56,2.25,13318
8378563200,"4/15/2016","Fri",729,190,23,60,0,5.41,1.15,4.91,3666,14461,11.47,11.47,0,14461
8378563200,"4/16/2016","Sat",563,142,21,64,0,2.44,1.07,5.37,3363,11207,8.89,8.89,0,11207
8378563200,"4/17/2016","Sun",599,93,0,0,0,1.69,0,0,2572,2132,1.69,1.69,0,2132
8378563200,"4/18/2016","Mon",720,174,10,117,0,5.2,0.56,5.05,4157,13630,10.81,10.81,2.09,13630
8378563200,"4/19/2016","Tue",737,154,19,120,0,4.18,0.88,5.3,4092,13070,10.36,10.36,2.25,13070
8378563200,"4/20/2016","Wed",763,169,8,82,0,4.78,0.44,2.23,3787,9388,7.44,7.44,2.09,9388
8378563200,"4/21/2016","Thu",677,145,16,137,0,4.29,0.82,6.9,4236,15148,12.01,12.01,2.25,15148
8378563200,"4/22/2016","Fri",769,159,12,113,0,4.18,0.59,4.91,4044,12200,9.67,9.67,2.09,12200
8378563200,"4/23/2016","Sat",740,136,10,19,0,2.48,0.52,1.52,2908,5709,4.53,4.53,0,5709
8378563200,"4/24/2016","Sun",734,135,0,0,0,2.94,0,0,2741,3703,2.94,2.94,0,3703
8378563200,"4/25/2016","Mon",692,141,16,117,0,3.92,0.87,5.05,4005,12405,9.84,9.84,2.09,12405
8378563200,"4/26/2016","Tue",593,161,18,90,0,4.42,0.92,7.51,3763,16208,12.85,12.85,0,16208
8378563200,"4/27/2016","Wed",676,192,4,4,0,5.33,0.18,0.33,3061,7359,5.84,5.84,0,7359
8378563200,"4/28/2016","Thu",711,139,10,11,0,2.91,0.49,0.9,2884,5417,4.3,4.3,0,5417
8378563200,"4/29/2016","Fri",767,172,7,3,0,4.27,0.36,0.25,2982,6175,4.9,4.9,0,6175
8378563200,"4/30/2016","Sat",780,121,0,0,0,2.34,0,0,2660,2946,2.34,2.34,0,2946
8378563200,"5/1/2016","Sun",669,127,10,71,0,2.47,0.56,6.03,3369,11419,9.06,9.06,0,11419
8378563200,"5/10/2016","Tue",840,152,13,63,0,3.92,0.64,0.66,3586,6582,5.22,5.22,2.25,6582
8378563200,"5/11/2016","Wed",763,184,10,72,0,5.27,0.59,1.39,3788,9143,7.25,7.25,2.09,9143
8378563200,"5/12/2016","Thu",433,102,6,8,0,2.69,0.27,0.65,1976,4561,3.62,3.62,0,4561
8378563200,"5/2/2016","Mon",802,142,4,63,0,4.01,0.17,0.63,3491,6064,4.81,4.81,2.09,6064
8378563200,"5/3/2016","Tue",822,195,20,71,0,4.5,1.06,1.34,3784,8712,6.91,6.91,2.25,8712
8378563200,"5/4/2016","Wed",680,167,10,19,0,4.2,0.49,1.56,3110,7875,6.24,6.24,0,7875
8378563200,"5/5/2016","Thu",764,214,3,66,0,5.74,0.16,0.89,3783,8567,6.79,6.79,2.25,8567
8378563200,"5/6/2016","Fri",831,166,5,74,0,3.78,0.25,1.55,3644,7045,5.59,5.59,2.09,7045
8378563200,"5/7/2016","Sat",851,158,0,0,0,3.54,0,0,2799,4468,3.54,3.54,0,4468
8378563200,"5/8/2016","Sun",621,139,0,0,0,2.33,0,0,2685,2943,2.33,2.33,0,2943
8378563200,"5/9/2016","Mon",772,171,13,71,0,4.72,0.66,1.27,3721,8382,6.65,6.65,2.09,8382
8583815059,"4/12/2016","Tue",1237,196,7,0,0,3.58,0.33,0,2650,5014,3.91,3.91,0,5014
8583815059,"4/13/2016","Wed",1252,163,23,2,0,3.23,0.97,0.15,2654,5571,4.35,4.35,0,5571
8583815059,"4/14/2016","Thu",1306,134,0,0,0,2.43,0,0,2443,3135,2.45,2.45,0,3135
8583815059,"4/15/2016","Fri",1375,65,0,0,0,0.9,0,0,2505,3430,2.68,2.68,0,3430
8583815059,"4/16/2016","Sat",1440,0,0,0,0,0,0,0,2693,5319,4.15,4.15,0,5319
8583815059,"4/17/2016","Sun",1440,0,0,0,0,0,0,0,2439,3008,2.35,2.35,0,3008
8583815059,"4/18/2016","Mon",1309,105,22,4,0,1.35,1.06,0.31,2536,3864,3.01,3.01,0,3864
8583815059,"4/19/2016","Tue",1257,166,10,7,0,3.44,0.48,0.53,2668,5697,4.44,4.44,0,5697
8583815059,"4/20/2016","Wed",1246,167,27,0,0,3.07,1.04,0,2647,5273,4.11,4.11,0,5273
8583815059,"4/21/2016","Thu",1229,158,18,35,0,3.01,1.02,2.63,2883,8538,6.66,6.66,0,8538
8583815059,"4/22/2016","Fri",1170,212,54,4,0,4.08,2.41,0.29,2944,8687,6.78,6.78,0,8687
8583815059,"4/23/2016","Sat",1151,238,44,7,0,4.75,2.03,0.53,3012,9423,7.35,7.35,0,9423
8583815059,"4/24/2016","Sun",1188,206,44,2,0,4.27,2.05,0.15,2889,8286,6.46,6.46,0,8286
8583815059,"4/25/2016","Mon",1294,122,6,18,0,1.81,0.24,1.47,2547,4503,3.51,3.51,0,4503
8583815059,"4/26/2016","Tue",1134,214,91,1,0,3.89,4.22,0.07,3093,10499,8.19,8.19,0,10499
8583815059,"4/27/2016","Wed",1229,129,5,77,0,2.87,0.27,6.6,3142,12474,9.73,9.73,0,12474
8583815059,"4/28/2016","Thu",1209,203,28,0,0,3.61,1.2,0,2757,6174,4.82,4.82,0,6174
8583815059,"4/29/2016","Fri",1069,258,67,46,0,4.92,3,3.9,3513,15168,11.83,11.83,0,15168
8583815059,"4/30/2016","Sat",1093,317,28,2,0,6.43,1.28,0.15,3164,10085,7.87,7.87,0,10085
8583815059,"5/1/2016","Sun",1311,117,2,10,0,2.04,0.12,0.78,2596,4512,3.52,3.52,0,4512
8583815059,"5/10/2016","Tue",1226,162,43,9,0,3.72,2.01,0.69,2846,8240,6.43,6.43,0,8240
8583815059,"5/11/2016","Wed",1106,177,71,5,0,3.17,3.24,0.37,2804,8701,6.79,6.79,0,8701
8583815059,"5/12/2016","Thu",1440,0,0,0,0,0,0,0,0,0,0,0,0,0
8583815059,"5/2/2016","Mon",1440,0,0,0,0,0,0,0,2894,8469,6.61,6.61,0,8469
8583815059,"5/3/2016","Tue",1440,0,0,0,0,0,0,0,3212,12015,9.37,9.37,0,12015
8583815059,"5/4/2016","Wed",1440,0,0,0,0,0,0,0,2516,3588,2.8,2.8,0,3588
8583815059,"5/5/2016","Thu",1370,70,0,0,0,1.18,0,0,3266,12427,9.69,9.69,0,12427
8583815059,"5/6/2016","Fri",1250,166,22,2,0,3.23,1.19,0.14,2683,5843,4.56,4.56,0,5843
8583815059,"5/7/2016","Sat",1190,250,0,0,0,4.77,0,0,2810,6117,4.77,4.77,0,6117
8583815059,"5/8/2016","Sun",1183,182,72,3,0,3.66,3.31,0.22,2940,9217,7.19,7.19,0,9217
8583815059,"5/9/2016","Mon",1260,110,4,66,0,1.73,0.17,5.76,2947,9877,7.7,7.7,0,9877
8792009665,"4/12/2016","Tue",831,116,0,0,0,1.64,0,0,2044,2564,1.64,1.64,0,2564
8792009665,"4/13/2016","Wed",806,82,0,0,0,0.84,0,0,1934,1320,0.84,0.84,0,1320
8792009665,"4/14/2016","Thu",853,84,0,0,0,0.78,0,0,1963,1219,0.78,0.78,0,1219
8792009665,"4/15/2016","Fri",937,126,0,0,0,1.59,0,0,2009,2483,1.59,1.59,0,2483
8792009665,"4/16/2016","Sat",1428,12,0,0,0,0.16,0,0,1721,244,0.16,0.16,0,244
8792009665,"4/17/2016","Sun",1440,0,0,0,0,0,0,0,1688,0,0,0,0,0
8792009665,"4/18/2016","Mon",1440,0,0,0,0,0,0,0,1688,0,0,0,0,0
8792009665,"4/19/2016","Tue",1440,0,0,0,0,0,0,0,1688,0,0,0,0,0
8792009665,"4/20/2016","Wed",744,139,10,0,0,1.74,0.28,0,2188,3147,2.01,2.01,0,3147
8792009665,"4/21/2016","Thu",1431,9,0,0,0,0.09,0,0,1720,144,0.09,0.09,0,144
8792009665,"4/22/2016","Fri",817,195,20,1,0,2.27,0.28,0.05,2419,4068,2.6,2.6,0,4068
8792009665,"4/23/2016","Sat",795,232,45,8,0,2.75,0.44,0.16,2748,5245,3.36,3.36,0,5245
8792009665,"4/24/2016","Sun",1410,19,8,3,0,0.16,0.05,0.04,1799,400,0.26,0.26,0,400
8792009665,"4/25/2016","Mon",1440,0,0,0,0,0,0,0,1688,0,0,0,0,0
8792009665,"4/26/2016","Tue",1360,80,0,0,0,0.85,0,0,1928,1321,0.85,0.85,0,1321
8792009665,"4/27/2016","Wed",900,112,0,0,0,1.13,0,0,2067,1758,1.13,1.13,0,1758
8792009665,"4/28/2016","Thu",714,310,0,0,0,3.94,0,0,2780,6157,3.94,3.94,0,6157
8792009665,"4/29/2016","Fri",634,380,14,6,0,4.93,0.28,0.14,3101,8360,5.35,5.35,0,8360
8792009665,"4/30/2016","Sat",749,301,20,10,0,3.91,0.36,0.33,2896,7174,4.59,4.59,0,7174
8792009665,"5/1/2016","Sun",834,79,0,0,0,1.04,0,0,1962,1619,1.04,1.04,0,1619
8792009665,"5/10/2016","Tue",48,0,0,0,0,0,0,0,57,0,0,0,0,0
8792009665,"5/2/2016","Mon",916,101,0,0,0,1.17,0,0,2015,1831,1.17,1.17,0,1831
8792009665,"5/3/2016","Tue",739,156,0,0,0,1.55,0,0,2297,2421,1.55,1.55,0,2421
8792009665,"5/4/2016","Wed",848,129,0,0,0,1.46,0,0,2067,2283,1.46,1.46,0,2283
8792009665,"5/5/2016","Thu",1440,0,0,0,0,0,0,0,1688,0,0,0,0,0
8792009665,"5/6/2016","Fri",1440,0,0,0,0,0,0,0,1688,0,0,0,0,0
8792009665,"5/7/2016","Sat",1440,0,0,0,0,0,0,0,1688,0,0,0,0,0
8792009665,"5/8/2016","Sun",1440,0,0,0,0,0,0,0,1688,0,0,0,0,0
8792009665,"5/9/2016","Mon",1440,0,0,0,0,0,0,0,1688,0,0,0,0,0
8877689391,"4/12/2016","Tue",1036,312,7,85,0,7.82,0.34,12.22,3921,23186,20.4,20.4,0,23186
8877689391,"4/13/2016","Wed",1098,216,18,108,0,5.64,0.38,3.55,3566,15337,9.58,9.58,0,15337
8877689391,"4/14/2016","Thu",1061,298,13,68,0.02,7.75,0.59,10.55,3793,21129,18.98,18.98,0,21129
8877689391,"4/15/2016","Fri",1052,281,1,106,0.01,7.01,0.05,0.05,3934,13422,7.17,7.17,0,13422
8877689391,"4/16/2016","Sat",888,429,29,94,0,10.71,1.21,13.24,4547,29326,25.29,25.29,0,29326
8877689391,"4/17/2016","Sun",1060,307,15,58,0,8.79,0.07,0,3545,15118,8.87,8.87,0,15118
8877689391,"4/18/2016","Mon",1215,191,5,29,0,5.94,0.27,2.44,2761,11423,8.67,8.67,0,11423
8877689391,"4/19/2016","Tue",1131,214,13,82,0,5.03,0.18,12.15,3676,18785,17.4,17.4,0,18785
8877689391,"4/20/2016","Wed",1123,225,19,73,0,6.34,0.69,11.02,3679,19948,18.11,18.11,0,19948
8877689391,"4/21/2016","Thu",1119,226,13,82,0,4.89,0.42,12.29,3659,19377,17.62,17.62,0,19377
8877689391,"4/22/2016","Fri",1141,236,2,61,0.05,5.97,0.03,10.23,3427,18258,16.31,16.31,0,18258
8877689391,"4/23/2016","Sat",1032,300,6,102,0.01,7.4,0,0,3891,11200,7.43,7.43,0,11200
8877689391,"4/24/2016","Sun",1148,227,1,64,0,4.69,0.01,11.01,3455,16674,15.74,15.74,0,16674
8877689391,"4/25/2016","Mon",1101,218,8,113,0.01,6.27,0.07,2.37,3802,12986,8.74,8.74,0,12986
8877689391,"4/26/2016","Tue",1157,258,3,22,0,6.5,0.13,1.76,2860,11101,8.43,8.43,0,11101
8877689391,"4/27/2016","Wed",1104,235,8,93,0,7.1,0.44,13.07,3808,23629,20.65,20.65,0,23629
8877689391,"4/28/2016","Thu",1143,231,8,58,0,5.97,0.38,4.93,3060,14890,11.3,11.3,0,14890
8877689391,"4/29/2016","Fri",1207,210,5,18,0,5.79,0.17,1.38,2698,9733,7.39,7.39,0,9733
8877689391,"4/30/2016","Sat",1089,223,4,124,0,4.93,0.08,21.66,4398,27745,26.72,26.72,0,27745
8877689391,"5/1/2016","Sun",1226,166,12,36,0,4.57,0.57,3.13,2786,10930,8.32,8.32,0,10930
8877689391,"5/10/2016","Tue",1187,224,11,18,0,6.28,0.46,1.35,2832,10733,8.15,8.15,0,10733
8877689391,"5/11/2016","Wed",1127,213,12,88,0,5.89,0.41,13.22,3832,21420,19.56,19.56,0,21420
8877689391,"5/12/2016","Thu",770,137,1,23,0,4.25,0.04,1.82,1849,8064,6.12,6.12,0,8064
8877689391,"5/2/2016","Mon",1335,105,0,0,0,3.56,0,0,2189,4790,3.64,3.64,0,4790
8877689391,"5/3/2016","Tue",1189,229,3,19,0.01,6.67,0.1,1.39,2817,10818,8.21,8.21,0,10818
8877689391,"5/4/2016","Wed",1154,212,8,66,0,5.53,0.31,10.42,3477,18193,16.3,16.3,0,18193
8877689391,"5/5/2016","Thu",1170,188,15,67,0,4.37,0.82,5.46,3052,14055,10.67,10.67,0,14055
8877689391,"5/6/2016","Fri",1095,232,17,96,0,6.16,0.29,12.79,4015,21727,19.34,19.34,0,21727
8877689391,"5/7/2016","Sat",1036,271,28,105,0,6.99,0.96,0.08,4142,12332,8.13,8.13,0,12332
8877689391,"5/8/2016","Sun",1174,245,4,17,0,6.8,0.2,1.08,2847,10686,8.11,8.11,0,10686
8877689391,"5/9/2016","Mon",1131,217,19,73,0.05,6.24,0.8,11.1,3710,20226,18.25,18.25,0,20226
